jd_id,job_title,cluster_id,cluster_name,distance_to_centroid,file_path
jd_0001,Kỹ Sư Hệ Thống,17,"Hệ / Engineer (Linux, Network, Storage)",0.4369,jd_0001
jd_0002,Kỹ sư Frontend cao cấp (React/NextJS),8,"Developer / Nhà (CSS, HTML, JavaScript)",0.45,jd_0002
jd_0003,Quản lý kỹ thuật (Java/NodeJS),6,"Developer / Java (Java, MySQL, Oracle)",0.5589,jd_0003
jd_0004,Nhân Viên Kinh Doanh,0,"Kinh / Doanh (Tiếng Anh cơ bản, Sử dụng Execl và word thành thạo, Proficient in English or Chinese, equivalent to 6.5 IELTS or HSK 5)",0.7935,jd_0004
jd_0005,Nhân Viên Chỉnh Sửa Hình Ảnh/Photo Editor,3,"Thiết / Kế (Adobe Photoshop, Adobe Illustrator, Illustrator)",0.4348,jd_0005
jd_0006,Backend Developer (Nodejs),6,"Developer / Java (Java, MySQL, Oracle)",0.5268,jd_0006
jd_0007,Chuyên Viên Lập Trình .NET,6,"Developer / Java (Java, MySQL, Oracle)",0.4798,jd_0007
jd_0008,Lập Trình Viên Front End (WEB),8,"Developer / Nhà (CSS, HTML, JavaScript)",0.411,jd_0008
jd_0009,"Frontend Developer (.Net, Html, Css, JavaScript)",8,"Developer / Nhà (CSS, HTML, JavaScript)",0.447,jd_0009
jd_0010,Nhân Viên Phân Tích Dữ Liệu AI,14,"tích / Phân (SQL, Excel, Python)",0.5209,jd_0010
jd_0011,Nhà phân tích kinh doanh,19,"Nhà / kinh (Quản lý dự án, Phân tích nghiệp vụ, Phân tích yêu cầu)",0.6291,jd_0011
jd_0012,Thực Tập Sinh Thiết Kế Đồ Họa,3,"Thiết / Kế (Adobe Photoshop, Adobe Illustrator, Illustrator)",0.3234,jd_0012
jd_0013,UA Marketing (Marketing Android App),16,"triển / kinh (Google Ads, B2B sales, Facebook Ads)",0.7884,jd_0013
jd_0014,3D Designer,13,"3D / Thiết (Photoshop, Unity, Maya)",0.5184,jd_0014
jd_0015,Nhân Viên Kinh Doanh Phần Mềm,0,"Kinh / Doanh (Tiếng Anh cơ bản, Sử dụng Execl và word thành thạo, Proficient in English or Chinese, equivalent to 6.5 IELTS or HSK 5)",0.457,jd_0015
jd_0016,Kỹ sư tự động hóa,2,"Engineer / Developer (Python, Docker, Kubernetes)",0.5304,jd_0016
jd_0017,Nhà phát triển phụ trợ cao cấp,2,"Engineer / Developer (Python, Docker, Kubernetes)",0.5455,jd_0017
jd_0018,Kỹ sư độ tin cậy trang web của Junior (SRE),2,"Engineer / Developer (Python, Docker, Kubernetes)",0.4994,jd_0018
jd_0019,Quản lý dự án Junior,19,"Nhà / kinh (Quản lý dự án, Phân tích nghiệp vụ, Phân tích yêu cầu)",0.5973,jd_0019
jd_0020,"Lập Trình Viên IOS (Swift, Objective-C)",15,"Developer / Tiếng (Java, Swift, Kotlin)",0.6165,jd_0020
jd_0021,Nhà phân tích kinh doanh cao cấp,19,"Nhà / kinh (Quản lý dự án, Phân tích nghiệp vụ, Phân tích yêu cầu)",0.6462,jd_0021
jd_0022,Kỹ Sư Phần Mềm,15,"Developer / Tiếng (Java, Swift, Kotlin)",0.7672,jd_0022
jd_0023,.NET Backend Engineer (Senior),6,"Developer / Java (Java, MySQL, Oracle)",0.5271,jd_0023
jd_0024,Senior .NET Developer,6,"Developer / Java (Java, MySQL, Oracle)",0.408,jd_0024
jd_0025,Nhân Viên Lập Trình Web,8,"Developer / Nhà (CSS, HTML, JavaScript)",0.36,jd_0025
jd_0026,Nhân Viên IT Helpdesk,5,"IT / Thuật (Hệ điều hành Windows, Phần mềm văn phòng, Mạng máy tính)",0.5978,jd_0026
jd_0027,Nhà phát triển phần mềm cao cấp (C) - Tài chính & Ngân hàng,6,"Developer / Java (Java, MySQL, Oracle)",0.5597,jd_0027
jd_0028,Nhân Viên Tư Vấn Bán Hàng B2B,16,"triển / kinh (Google Ads, B2B sales, Facebook Ads)",0.5277,jd_0028
jd_0029,Nhân Viên Kinh Doanh - Tư Vấn Phần Mềm Doanh Nghiệp,0,"Kinh / Doanh (Tiếng Anh cơ bản, Sử dụng Execl và word thành thạo, Proficient in English or Chinese, equivalent to 6.5 IELTS or HSK 5)",0.4812,jd_0029
jd_0030,2D UI/UX Artist (Game),9,"Thiết / Kế (Photoshop, Illustrator, Figma)",0.4957,jd_0030
jd_0031,Đảm bảo chất lượng/ kiểm soát chất lượng thực tập,18,"Nhà / kinh (Jira, Figma, Confluence)",0.7467,jd_0031
jd_0032,Chuyên Viên Phân Tích Tài Chính,14,"tích / Phân (SQL, Excel, Python)",0.7507,jd_0032
jd_0033,Backend Developer,6,"Developer / Java (Java, MySQL, Oracle)",0.5202,jd_0033
jd_0034,Nhà phát triển Android cao cấp (Ứng dụng di động),15,"Developer / Tiếng (Java, Swift, Kotlin)",0.603,jd_0034
jd_0035,Python Developer (Odoo Developer),8,"Developer / Nhà (CSS, HTML, JavaScript)",0.5052,jd_0035
jd_0036,Nhân Viên Gán Nhãn Dữ Liệu Tiếng Anh (Cấp Độ C1),7,"Thiết / Kế (Quay dựng video, audio editing, voice acting)",0.7614,jd_0036
jd_0037,Lập Trình Viên PHP Laravel Backend,8,"Developer / Nhà (CSS, HTML, JavaScript)",0.4432,jd_0037
jd_0038,Nhân Viên Triển Khai Phần Mềm ERP,4,"Kinh / Doanh (Kỹ năng giao tiếp, Kỹ năng đàm phán, Kỹ năng bán hàng)",0.6654,jd_0038
jd_0039,Chuyên gia phát triển sản phẩm - 4 năm kinh nghiệm (giờ làm việc linh hoạt),16,"triển / kinh (Google Ads, B2B sales, Facebook Ads)",0.6226,jd_0039
jd_0040,Thiết kế đồ họa,3,"Thiết / Kế (Adobe Photoshop, Adobe Illustrator, Illustrator)",0.3496,jd_0040
jd_0041,NodeJS Developer,8,"Developer / Nhà (CSS, HTML, JavaScript)",0.3974,jd_0041
jd_0042,Người thử nghiệm Fresher (lên đến 14m),8,"Developer / Nhà (CSS, HTML, JavaScript)",0.6988,jd_0042
jd_0043,Business Development/Nhân Viên Kinh Doanh Phần Mềm,18,"Nhà / kinh (Jira, Figma, Confluence)",0.5636,jd_0043
jd_0044,Nhân Viên Thiết Kế Chế Bản In,14,"tích / Phân (SQL, Excel, Python)",0.6636,jd_0044
jd_0045,Nhà phân tích dữ liệu trò chơi (Junior/ Middle),14,"tích / Phân (SQL, Excel, Python)",0.5679,jd_0045
jd_0046,Nhà phân tích kinh doanh/po,18,"Nhà / kinh (Jira, Figma, Confluence)",0.6353,jd_0046
jd_0047,Nhà phân tích kinh doanh (nói tiếng Hàn),19,"Nhà / kinh (Quản lý dự án, Phân tích nghiệp vụ, Phân tích yêu cầu)",0.7588,jd_0047
jd_0048,Nhà thiết kế web UI/UX (figma/ui/ux - ưu tin shopify),8,"Developer / Nhà (CSS, HTML, JavaScript)",0.5524,jd_0048
jd_0049,Nhân Viên Thiết Kế,9,"Thiết / Kế (Photoshop, Illustrator, Figma)",0.3539,jd_0049
jd_0050,Nhà phát triển phụ trợ cao cấp,6,"Developer / Java (Java, MySQL, Oracle)",0.5164,jd_0050
jd_0051,Video Editor,13,"3D / Thiết (Photoshop, Unity, Maya)",0.5733,jd_0051
jd_0052,"Software Test (Tester, QA, ERP)",10,"Tester / Manual (Kiểm thử phần mềm, SQL, Viết Testcase)",0.5732,jd_0052
jd_0053,Thiết Kế Và Sản Xuất Animator,13,"3D / Thiết (Photoshop, Unity, Maya)",0.6647,jd_0053
jd_0054,Chuyên gia quản trị an ninh CNTT,17,"Hệ / Engineer (Linux, Network, Storage)",0.6606,jd_0054
jd_0055,Nhân Viên Kinh Doanh/ Tư Vấn/ Sale Giải Pháp Phần Mềm (Nghỉ T7-CN) - Thu Nhập Hấp Dẫn,0,"Kinh / Doanh (Tiếng Anh cơ bản, Sử dụng Execl và word thành thạo, Proficient in English or Chinese, equivalent to 6.5 IELTS or HSK 5)",0.6093,jd_0055
jd_0056,Chuyên Viên ERP,18,"Nhà / kinh (Jira, Figma, Confluence)",0.6966,jd_0056
jd_0057,Backend Developer,6,"Developer / Java (Java, MySQL, Oracle)",0.404,jd_0057
jd_0058,"Kỹ sư DevOps (trên cơ sở, CI/CD, K8S)",2,"Engineer / Developer (Python, Docker, Kubernetes)",0.7716,jd_0058
jd_0059,Nhà phát triển .NET cao cấp (AI),6,"Developer / Java (Java, MySQL, Oracle)",0.532,jd_0059
jd_0060,FX Artist,13,"3D / Thiết (Photoshop, Unity, Maya)",0.6979,jd_0060
jd_0061,Lập Trình Viên Android/IOS,15,"Developer / Tiếng (Java, Swift, Kotlin)",0.516,jd_0061
jd_0062,Fresher C/nhúng,18,"Nhà / kinh (Jira, Figma, Confluence)",0.594,jd_0062
jd_0063,"Hỗ trợ khách hàng của ERP - không có nền tảng, thích tốt nghiệp mới từ DAV/NEU/AOF/ULIS/TMU",0,"Kinh / Doanh (Tiếng Anh cơ bản, Sử dụng Execl và word thành thạo, Proficient in English or Chinese, equivalent to 6.5 IELTS or HSK 5)",0.9904,jd_0063
jd_0064,Lập Trình Viên,8,"Developer / Nhà (CSS, HTML, JavaScript)",0.5818,jd_0064
jd_0065,Frontend Developer (ReactJS),8,"Developer / Nhà (CSS, HTML, JavaScript)",0.3822,jd_0065
jd_0066,Nhân Viên Kỹ Thuật Máy Tính,5,"IT / Thuật (Hệ điều hành Windows, Phần mềm văn phòng, Mạng máy tính)",0.4516,jd_0066
jd_0067,"Kỹ Thuật Viên Mảng CNTT, Điện",12,"Doanh / Kinh (Tin học văn phòng, Tin học văn phòng (Word, Excel, PowerPoint), Sử dụng CRM)",0.7018,jd_0067
jd_0068,Chuyên Viên Kinh Doanh Phần Mềm,0,"Kinh / Doanh (Tiếng Anh cơ bản, Sử dụng Execl và word thành thạo, Proficient in English or Chinese, equivalent to 6.5 IELTS or HSK 5)",0.4264,jd_0068
jd_0069,Nhân Viên Kinh Doanh Phần Mềm,0,"Kinh / Doanh (Tiếng Anh cơ bản, Sử dụng Execl và word thành thạo, Proficient in English or Chinese, equivalent to 6.5 IELTS or HSK 5)",0.457,jd_0069
jd_0070,Nhà phân tích kinh doanh (giữa),18,"Nhà / kinh (Jira, Figma, Confluence)",0.5286,jd_0070
jd_0071,Nhân Viên Triển Khai Phần Mềm,18,"Nhà / kinh (Jira, Figma, Confluence)",0.5741,jd_0071
jd_0072,Nhân Viên Kinh Doanh/Sales B2B/ Tư Vấn Phần Mềm,16,"triển / kinh (Google Ads, B2B sales, Facebook Ads)",0.615,jd_0072
jd_0073,Nhà phát triển blockchain,18,"Nhà / kinh (Jira, Figma, Confluence)",0.7503,jd_0073
jd_0074,IT Engineer,17,"Hệ / Engineer (Linux, Network, Storage)",0.4928,jd_0074
jd_0075,Nhân Viên Thiết Kế 3D,9,"Thiết / Kế (Photoshop, Illustrator, Figma)",0.4292,jd_0075
jd_0076,Nhân Viên Kinh Doanh Phần Mềm,4,"Kinh / Doanh (Kỹ năng giao tiếp, Kỹ năng đàm phán, Kỹ năng bán hàng)",0.4526,jd_0076
jd_0077,Người kiểm tra thủ công (QA/QC),8,"Developer / Nhà (CSS, HTML, JavaScript)",0.6005,jd_0077
jd_0078,"Tester Tiếng Nhật (N2, Không Yêu Cầu Kinh Nghiệm)",15,"Developer / Tiếng (Java, Swift, Kotlin)",0.9326,jd_0078
jd_0079,Nhân Viên Thiết Kế - In Ấn Bao Bì Tem Nhãn,9,"Thiết / Kế (Photoshop, Illustrator, Figma)",0.4269,jd_0079
jd_0080,Nam Nhân Viên Thiết Kế - Graphic Designer,3,"Thiết / Kế (Adobe Photoshop, Adobe Illustrator, Illustrator)",0.2991,jd_0080
jd_0081,Frontend Developer,8,"Developer / Nhà (CSS, HTML, JavaScript)",0.4894,jd_0081
jd_0082,"Hỗ trợ khách hàng của ERP - không có nền tảng, thích tốt nghiệp mới từ DAV/NEU/AOF/ULIS/TMU",0,"Kinh / Doanh (Tiếng Anh cơ bản, Sử dụng Execl và word thành thạo, Proficient in English or Chinese, equivalent to 6.5 IELTS or HSK 5)",0.9904,jd_0082
jd_0083,Nhà phát triển Frontend (ReactJS),8,"Developer / Nhà (CSS, HTML, JavaScript)",0.375,jd_0083
jd_0084,Nhân Viên Kỹ Thuật Máy Tính,5,"IT / Thuật (Hệ điều hành Windows, Phần mềm văn phòng, Mạng máy tính)",0.6327,jd_0084
jd_0085,"Kỹ Thuật Viên Mảng CNTT, Điện",12,"Doanh / Kinh (Tin học văn phòng, Tin học văn phòng (Word, Excel, PowerPoint), Sử dụng CRM)",0.7018,jd_0085
jd_0086,Chuyên Viên Kinh Doanh Phần Mềm,0,"Kinh / Doanh (Tiếng Anh cơ bản, Sử dụng Execl và word thành thạo, Proficient in English or Chinese, equivalent to 6.5 IELTS or HSK 5)",0.4264,jd_0086
jd_0087,Nhân Viên Kinh Doanh Phần Mềm,0,"Kinh / Doanh (Tiếng Anh cơ bản, Sử dụng Execl và word thành thạo, Proficient in English or Chinese, equivalent to 6.5 IELTS or HSK 5)",0.457,jd_0087
jd_0088,Manual Tester,14,"tích / Phân (SQL, Excel, Python)",0.6099,jd_0088
jd_0089,Nhân Viên Triển Khai Phần Mềm,18,"Nhà / kinh (Jira, Figma, Confluence)",0.5741,jd_0089
jd_0090,Nhân Viên Kinh Doanh/Sales B2B/ Tư Vấn Phần Mềm,16,"triển / kinh (Google Ads, B2B sales, Facebook Ads)",0.5939,jd_0090
jd_0091,Nhà phát triển blockchain,18,"Nhà / kinh (Jira, Figma, Confluence)",0.7503,jd_0091
jd_0092,IT Engineer,17,"Hệ / Engineer (Linux, Network, Storage)",0.4928,jd_0092
jd_0093,Nhân Viên Thiết Kế 3D,9,"Thiết / Kế (Photoshop, Illustrator, Figma)",0.4292,jd_0093
jd_0094,Người kiểm tra thủ công (QA/QC),8,"Developer / Nhà (CSS, HTML, JavaScript)",0.6005,jd_0094
jd_0095,"Tester Tiếng Nhật (N2, Không Yêu Cầu Kinh Nghiệm)",15,"Developer / Tiếng (Java, Swift, Kotlin)",0.9326,jd_0095
jd_0096,Nhân Viên Thiết Kế - In Ấn Bao Bì Tem Nhãn,9,"Thiết / Kế (Photoshop, Illustrator, Figma)",0.4269,jd_0096
jd_0097,Nam Nhân Viên Thiết Kế - Graphic Designer,3,"Thiết / Kế (Adobe Photoshop, Adobe Illustrator, Illustrator)",0.2991,jd_0097
jd_0098,Frontend Developer,8,"Developer / Nhà (CSS, HTML, JavaScript)",0.4894,jd_0098
jd_0099,[Model App] - CVC Phân Tích Nghiệp Vụ,2,"Engineer / Developer (Python, Docker, Kubernetes)",0.572,jd_0099
jd_0100,Nhà phát triển Stack đầy đủ,6,"Developer / Java (Java, MySQL, Oracle)",0.4778,jd_0100
jd_0101,Database Engineer (DBA),14,"tích / Phân (SQL, Excel, Python)",0.6345,jd_0101
jd_0102,"Kỹ Sư AI, Xử Lý NLP Và Dữ Liệu Tiếng Việt",2,"Engineer / Developer (Python, Docker, Kubernetes)",0.5146,jd_0102
jd_0103,Nhân Viên Thiết Kế Đồ Hoạ,13,"3D / Thiết (Photoshop, Unity, Maya)",0.5016,jd_0103
jd_0104,Họa Viên Revit,13,"3D / Thiết (Photoshop, Unity, Maya)",0.5484,jd_0104
jd_0105,"Nhà phát triển phần mềm (NodeJS, Oracle, Microservice)",6,"Developer / Java (Java, MySQL, Oracle)",0.3521,jd_0105
jd_0106,Kỹ Sư Giải Pháp Công Nghệ Thông Tin / PreSales - 3 Năm Kinh Nghiệm,11,"IT / Quản (VMware, Triển khai và vận hành hệ thống VOIP (Asterisk, FreePbx, FreeSWITCH, Kamailio, OpenSIPS, 3CX), Giao thức SIP, RTP, WebRTC, STUN/TURN/ICE, NAT Traversal)",0.6292,jd_0106
jd_0107,System Engineer,15,"Developer / Tiếng (Java, Swift, Kotlin)",0.8409,jd_0107
jd_0108,Giảng Viên Công Nghệ Thông Tin/ Khoa Học Máy Tính,17,"Hệ / Engineer (Linux, Network, Storage)",0.4971,jd_0108
jd_0109,Trưởng Nhóm An Ninh Mạng/ Cyber Security Lead,17,"Hệ / Engineer (Linux, Network, Storage)",0.5454,jd_0109
jd_0110,BIM Manager (Chuyên Ngành MEP),18,"Nhà / kinh (Jira, Figma, Confluence)",0.611,jd_0110
jd_0111,Nhân Viên Tư Vấn Và Thiết Kế Giải Pháp,17,"Hệ / Engineer (Linux, Network, Storage)",0.5499,jd_0111
jd_0112,Chuyên Viên Kỹ Thuật Vận Hành VoIP,11,"IT / Quản (VMware, Triển khai và vận hành hệ thống VOIP (Asterisk, FreePbx, FreeSWITCH, Kamailio, OpenSIPS, 3CX), Giao thức SIP, RTP, WebRTC, STUN/TURN/ICE, NAT Traversal)",0.6872,jd_0112
jd_0113,Kỹ sư phần mềm-phát triển IDE của họ cho RISC-V,6,"Developer / Java (Java, MySQL, Oracle)",0.5785,jd_0113
jd_0114,3D Rigging Artist,13,"3D / Thiết (Photoshop, Unity, Maya)",0.6154,jd_0114
jd_0115,2D Anim / VFX Artist,13,"3D / Thiết (Photoshop, Unity, Maya)",0.5746,jd_0115
jd_0116,Nhân Viên Kinh Doanh Phần Mềm,16,"triển / kinh (Google Ads, B2B sales, Facebook Ads)",0.5933,jd_0116
jd_0117,Huấn luyện viên AI - Âm thanh (tiếng Anh C1),7,"Thiết / Kế (Quay dựng video, audio editing, voice acting)",0.8704,jd_0117
jd_0118,Game Designer,13,"3D / Thiết (Photoshop, Unity, Maya)",0.7281,jd_0118
jd_0119,Chuyên Viên Kỹ Thuật Vận Hành VoIP,11,"IT / Quản (VMware, Triển khai và vận hành hệ thống VOIP (Asterisk, FreePbx, FreeSWITCH, Kamailio, OpenSIPS, 3CX), Giao thức SIP, RTP, WebRTC, STUN/TURN/ICE, NAT Traversal)",0.664,jd_0119
jd_0120,3D Rigging Artist,13,"3D / Thiết (Photoshop, Unity, Maya)",0.6154,jd_0120
jd_0121,2D Anim / VFX Artist,13,"3D / Thiết (Photoshop, Unity, Maya)",0.5944,jd_0121
jd_0122,Nhân Viên Kinh Doanh Phần Mềm,16,"triển / kinh (Google Ads, B2B sales, Facebook Ads)",0.5875,jd_0122
jd_0123,Huấn luyện viên AI - Âm thanh (tiếng Anh C1),7,"Thiết / Kế (Quay dựng video, audio editing, voice acting)",0.848,jd_0123
jd_0124,Mua lại người dùng - Tiếp thị kỹ thuật số (ứng dụng di động),18,"Nhà / kinh (Jira, Figma, Confluence)",0.7647,jd_0124
jd_0125,Chuyên gia phát triển kinh doanh,4,"Kinh / Doanh (Kỹ năng giao tiếp, Kỹ năng đàm phán, Kỹ năng bán hàng)",0.4659,jd_0125
jd_0126,Kỹ Sư Phát Triển Phần Mềm Hiệu Năng Cao,2,"Engineer / Developer (Python, Docker, Kubernetes)",0.5353,jd_0126
jd_0127,Nhân Viên Sales (Business Development),16,"triển / kinh (Google Ads, B2B sales, Facebook Ads)",0.7609,jd_0127
jd_0128,Giảng Viên Lập Trình Part-Time,15,"Developer / Tiếng (Java, Swift, Kotlin)",0.8175,jd_0128
jd_0129,Nhà phát triển Python (phụ trợ - AI),2,"Engineer / Developer (Python, Docker, Kubernetes)",0.4536,jd_0129
jd_0130,Backend Engineer,6,"Developer / Java (Java, MySQL, Oracle)",0.6216,jd_0130
jd_0131,Nhân Viên Kiểm Thử,10,"Tester / Manual (Kiểm thử phần mềm, SQL, Viết Testcase)",0.5253,jd_0131
jd_0132,Nhân Viên Unity Developer- Mobile Game,18,"Nhà / kinh (Jira, Figma, Confluence)",0.6265,jd_0132
jd_0133,Nhà phát triển WordPress,8,"Developer / Nhà (CSS, HTML, JavaScript)",0.4767,jd_0133
jd_0134,Nhà phân tích kinh doanh cao cấp,19,"Nhà / kinh (Quản lý dự án, Phân tích nghiệp vụ, Phân tích yêu cầu)",0.4893,jd_0134
jd_0135,BUSINESS ANALYST,18,"Nhà / kinh (Jira, Figma, Confluence)",0.5872,jd_0135
jd_0136,Người kiểm tra bảo mật (Pentest),11,"IT / Quản (VMware, Triển khai và vận hành hệ thống VOIP (Asterisk, FreePbx, FreeSWITCH, Kamailio, OpenSIPS, 3CX), Giao thức SIP, RTP, WebRTC, STUN/TURN/ICE, NAT Traversal)",0.7157,jd_0136
jd_0137,Nhà phát triển trò chơi Unity Middle,8,"Developer / Nhà (CSS, HTML, JavaScript)",0.6485,jd_0137
jd_0138,EXECUTIVE PRODUCER (Remote),19,"Nhà / kinh (Quản lý dự án, Phân tích nghiệp vụ, Phân tích yêu cầu)",0.6422,jd_0138
jd_0139,Nhân Viên Phát Triển Kinh Doanh Về Dịch Vụ Vận Chuyển Đồ Ăn Bằng Công Nghệ,0,"Kinh / Doanh (Tiếng Anh cơ bản, Sử dụng Execl và word thành thạo, Proficient in English or Chinese, equivalent to 6.5 IELTS or HSK 5)",0.6661,jd_0139
jd_0140,Fullstack Developer - DevOps Middle Level,2,"Engineer / Developer (Python, Docker, Kubernetes)",0.5708,jd_0140
jd_0141,Nhân Viên Tư Vấn Phần Mềm,0,"Kinh / Doanh (Tiếng Anh cơ bản, Sử dụng Execl và word thành thạo, Proficient in English or Chinese, equivalent to 6.5 IELTS or HSK 5)",0.6444,jd_0141
jd_0142,Nhà phân tích kinh doanh,11,"IT / Quản (VMware, Triển khai và vận hành hệ thống VOIP (Asterisk, FreePbx, FreeSWITCH, Kamailio, OpenSIPS, 3CX), Giao thức SIP, RTP, WebRTC, STUN/TURN/ICE, NAT Traversal)",0.6043,jd_0142
jd_0143,Kỹ sư giao diện thiết bị (EIF),2,"Engineer / Developer (Python, Docker, Kubernetes)",0.6276,jd_0143
jd_0144,Bán thực tập - làm việc từ xa - thời gian linh hoạt,0,"Kinh / Doanh (Tiếng Anh cơ bản, Sử dụng Execl và word thành thạo, Proficient in English or Chinese, equivalent to 6.5 IELTS or HSK 5)",0.7585,jd_0144
jd_0145,Embedded Android Developer,2,"Engineer / Developer (Python, Docker, Kubernetes)",0.5758,jd_0145
jd_0146,DevOps Engineer Middle Level,2,"Engineer / Developer (Python, Docker, Kubernetes)",0.4112,jd_0146
jd_0147,Nhà phân tích kinh doanh - Miền chứng khoán,18,"Nhà / kinh (Jira, Figma, Confluence)",0.6213,jd_0147
jd_0148,"Lập Trình Viên Java (Einvoice, Econtract, CA)",6,"Developer / Java (Java, MySQL, Oracle)",0.4073,jd_0148
jd_0149,Nhân Viên Vận Hành Ứng Dụng (Devops Engineer),2,"Engineer / Developer (Python, Docker, Kubernetes)",0.4031,jd_0149
jd_0150,"Lập Trình Viên IOS (Swift, Obj-C)",15,"Developer / Tiếng (Java, Swift, Kotlin)",0.6083,jd_0150
jd_0151,(Mid/sen) Nhà phân tích dữ liệu - trò chơi/ứng dụng di động,14,"tích / Phân (SQL, Excel, Python)",0.4921,jd_0151
jd_0152,Techlead (Fullstack),6,"Developer / Java (Java, MySQL, Oracle)",0.6142,jd_0152
jd_0153,"Java Developer (Trên 2 Năm Kinh Nghiệm, Onsite Project)",6,"Developer / Java (Java, MySQL, Oracle)",0.4633,jd_0153
jd_0154,Nhân Viên Kinh Doanh Phần Mềm - Website (Sales),12,"Doanh / Kinh (Tin học văn phòng, Tin học văn phòng (Word, Excel, PowerPoint), Sử dụng CRM)",0.5729,jd_0154
jd_0155,Flutter Developer,15,"Developer / Tiếng (Java, Swift, Kotlin)",0.6717,jd_0155
jd_0156,Nhân Viên Tư Vấn - Network Consultant - Đào Tạo Mới,5,"IT / Thuật (Hệ điều hành Windows, Phần mềm văn phòng, Mạng máy tính)",0.762,jd_0156
jd_0157,"Lập Trình Viên Back-End Developer Node.Js, Nest",6,"Developer / Java (Java, MySQL, Oracle)",0.5403,jd_0157
jd_0158,Nhân Viên Kinh Doanh/Nhân Viên Tư Vấn Phần Mềm,4,"Kinh / Doanh (Kỹ năng giao tiếp, Kỹ năng đàm phán, Kỹ năng bán hàng)",0.4693,jd_0158
jd_0159,Nhân Viên IT Phần Cứng (Tiếng Anh Tốt),5,"IT / Thuật (Hệ điều hành Windows, Phần mềm văn phòng, Mạng máy tính)",0.4579,jd_0159
jd_0160,Nhà phát triển Python,14,"tích / Phân (SQL, Excel, Python)",0.6434,jd_0160
jd_0161,QC Engineer,6,"Developer / Java (Java, MySQL, Oracle)",0.4613,jd_0161
jd_0162,UI/UX Designer (Mobile/Web App),9,"Thiết / Kế (Photoshop, Illustrator, Figma)",0.4647,jd_0162
jd_0163,"Nhà phát triển FullStack (Java, Reactjs)",6,"Developer / Java (Java, MySQL, Oracle)",0.5254,jd_0163
jd_0164,Nhà phân tích kinh doanh,11,"IT / Quản (VMware, Triển khai và vận hành hệ thống VOIP (Asterisk, FreePbx, FreeSWITCH, Kamailio, OpenSIPS, 3CX), Giao thức SIP, RTP, WebRTC, STUN/TURN/ICE, NAT Traversal)",0.6105,jd_0164
jd_0165,Kỹ sư giao diện thiết bị (EIF),2,"Engineer / Developer (Python, Docker, Kubernetes)",0.6276,jd_0165
jd_0166,Trò chơi tiếp thị lãnh đạo,16,"triển / kinh (Google Ads, B2B sales, Facebook Ads)",0.8128,jd_0166
jd_0167,DevOps Engineer Middle Level,2,"Engineer / Developer (Python, Docker, Kubernetes)",0.399,jd_0167
jd_0168,Nhà phân tích kinh doanh - Miền chứng khoán,18,"Nhà / kinh (Jira, Figma, Confluence)",0.6213,jd_0168
jd_0169,"Lập Trình Viên Java (Einvoice, Econtract, CA)",6,"Developer / Java (Java, MySQL, Oracle)",0.4073,jd_0169
jd_0170,Nhân Viên Vận Hành Ứng Dụng (Devops Engineer),2,"Engineer / Developer (Python, Docker, Kubernetes)",0.4472,jd_0170
jd_0171,UI/UX Designer,13,"3D / Thiết (Photoshop, Unity, Maya)",0.6432,jd_0171
jd_0172,Lập Trình Viên Flutter/ Flutter Developer,2,"Engineer / Developer (Python, Docker, Kubernetes)",0.5112,jd_0172
jd_0173,Kỹ sư phần mềm (Chuyên gia AI),2,"Engineer / Developer (Python, Docker, Kubernetes)",0.4296,jd_0173
jd_0174,Chuyên Viên Phân Tích Nghiệp Vụ-Kế Toán Giao Dịch,14,"tích / Phân (SQL, Excel, Python)",0.4415,jd_0174
jd_0175,Nhà phát triển thống nhất,13,"3D / Thiết (Photoshop, Unity, Maya)",0.6384,jd_0175
jd_0176,Nhà phát triển thống nhất,18,"Nhà / kinh (Jira, Figma, Confluence)",0.6874,jd_0176
jd_0177,Nhà phát triển Stack đầy đủ,6,"Developer / Java (Java, MySQL, Oracle)",0.3749,jd_0177
jd_0178,Nhà phân tích kinh doanh (Quản trị phần mềm KIÊM),14,"tích / Phân (SQL, Excel, Python)",0.7574,jd_0178
jd_0179,Giám đốc điều hành hỗ trợ Odoo ERP,2,"Engineer / Developer (Python, Docker, Kubernetes)",0.6054,jd_0179
jd_0180,UI/UX Designer - Mobile App,9,"Thiết / Kế (Photoshop, Illustrator, Figma)",0.6543,jd_0180
jd_0181,Nhân Viên Tester,14,"tích / Phân (SQL, Excel, Python)",0.6484,jd_0181
jd_0182,Ui/Ux Designer,9,"Thiết / Kế (Photoshop, Illustrator, Figma)",0.571,jd_0182
jd_0183,Senior Golang Backend Engineer,6,"Developer / Java (Java, MySQL, Oracle)",0.4687,jd_0183
jd_0184,Chuyên Viên Kiểm Thử,14,"tích / Phân (SQL, Excel, Python)",0.542,jd_0184
jd_0185,Nhân Viên Công Nghệ Thông Tin,17,"Hệ / Engineer (Linux, Network, Storage)",0.5596,jd_0185
jd_0186,Chuyên Viên/ Nhân Viên Quản Trị Mạng Cloud (Cloud Network Engineer),17,"Hệ / Engineer (Linux, Network, Storage)",0.5672,jd_0186
jd_0187,Nhà phát triển PHP thực tập (WordPress),8,"Developer / Nhà (CSS, HTML, JavaScript)",0.5091,jd_0187
jd_0188,Chuyên Viên Cao Cấp Phân Tích Nghiệp Vụ (Thẻ & Hóa Đơn Điện Tử),19,"Nhà / kinh (Quản lý dự án, Phân tích nghiệp vụ, Phân tích yêu cầu)",0.5707,jd_0188
jd_0189,Nhà phát triển thống nhất,18,"Nhà / kinh (Jira, Figma, Confluence)",0.5528,jd_0189
jd_0190,Nhân Viên Kiểm Thử,10,"Tester / Manual (Kiểm thử phần mềm, SQL, Viết Testcase)",0.5471,jd_0190
jd_0191,Thực Tập Sinh Học Ngành Công Nghệ Thông Tin,0,"Kinh / Doanh (Tiếng Anh cơ bản, Sử dụng Execl và word thành thạo, Proficient in English or Chinese, equivalent to 6.5 IELTS or HSK 5)",0.8324,jd_0191
jd_0192,Sales IT Outsourcing (Kinh Doanh Mảng IT),4,"Kinh / Doanh (Kỹ năng giao tiếp, Kỹ năng đàm phán, Kỹ năng bán hàng)",0.555,jd_0192
jd_0193,Thực Tập Sinh Unity Developer,15,"Developer / Tiếng (Java, Swift, Kotlin)",0.6511,jd_0193
jd_0194,Chuyên Viên Kiểm Thử Phần Mềm,10,"Tester / Manual (Kiểm thử phần mềm, SQL, Viết Testcase)",0.4538,jd_0194
jd_0195,Nhà phát triển phía trước (ThànH thạo Reactjs),8,"Developer / Nhà (CSS, HTML, JavaScript)",0.3896,jd_0195
jd_0196,Trưởng Phòng Dự Án,6,"Developer / Java (Java, MySQL, Oracle)",0.5809,jd_0196
jd_0197,Chuyên Viên Kiểm Thử - Manual Tester(Core Banking),10,"Tester / Manual (Kiểm thử phần mềm, SQL, Viết Testcase)",0.5588,jd_0197
jd_0198,Nhà phân tích kinh doanh (ERP),18,"Nhà / kinh (Jira, Figma, Confluence)",0.5934,jd_0198
jd_0199,Chuyên Viên Phân Tích Nghiệp Vụ,19,"Nhà / kinh (Quản lý dự án, Phân tích nghiệp vụ, Phân tích yêu cầu)",0.6692,jd_0199
jd_0200,Nhân Viên Hỗ Trợ Kỹ Thuật Helpdesk Layer 1,5,"IT / Thuật (Hệ điều hành Windows, Phần mềm văn phòng, Mạng máy tính)",0.5503,jd_0200
jd_0201,Kỹ Sư Java Backend Triển Khai Dự Án Lớn BPM/CRM,6,"Developer / Java (Java, MySQL, Oracle)",0.4606,jd_0201
jd_0202,Thực Tập Sinh Lập Trình C++,1,"CNC / Máy (Lập trình CNC, NX, Mastercam)",0.8479,jd_0202
jd_0203,Thiết Kế Website,9,"Thiết / Kế (Photoshop, Illustrator, Figma)",0.5949,jd_0203
jd_0204,Game Tester,10,"Tester / Manual (Kiểm thử phần mềm, SQL, Viết Testcase)",0.5908,jd_0204
jd_0205,Middle Java Backend,6,"Developer / Java (Java, MySQL, Oracle)",0.545,jd_0205
jd_0206,Chuyên Viên Tư Vấn,0,"Kinh / Doanh (Tiếng Anh cơ bản, Sử dụng Execl và word thành thạo, Proficient in English or Chinese, equivalent to 6.5 IELTS or HSK 5)",0.6416,jd_0206
jd_0207,Nhân Viên Lập Trình Java,6,"Developer / Java (Java, MySQL, Oracle)",0.5405,jd_0207
jd_0208,Nhân Viên Graphic Designer,9,"Thiết / Kế (Photoshop, Illustrator, Figma)",0.387,jd_0208
jd_0209,Fullstack Developer,6,"Developer / Java (Java, MySQL, Oracle)",0.4848,jd_0209
jd_0210,Data Analyst,2,"Engineer / Developer (Python, Docker, Kubernetes)",0.6879,jd_0210
jd_0211,Chuyên Viên Phát Triển Phần Mềm,8,"Developer / Nhà (CSS, HTML, JavaScript)",0.5277,jd_0211
jd_0212,Kỹ Sư Phát Triển Frontend,8,"Developer / Nhà (CSS, HTML, JavaScript)",0.5316,jd_0212
jd_0213,"Thực Tập Sinh PHP (Sinh Viên Năm Cuối, Backend)",6,"Developer / Java (Java, MySQL, Oracle)",0.5732,jd_0213
jd_0214,Chuyên Viên Phân Tích Nghiệp Vụ,18,"Nhà / kinh (Jira, Figma, Confluence)",0.4892,jd_0214
jd_0215,Mobile Developer (Android Or IOS),15,"Developer / Tiếng (Java, Swift, Kotlin)",0.6141,jd_0215
jd_0216,"Nhà phân tích kinh doanh (Cấp độ: Trung, cao cấp)",19,"Nhà / kinh (Quản lý dự án, Phân tích nghiệp vụ, Phân tích yêu cầu)",0.6051,jd_0216
jd_0217,Fullstack Developer,6,"Developer / Java (Java, MySQL, Oracle)",0.4019,jd_0217
jd_0218,Chuyên Viên Phát Triển Phần Mềm,8,"Developer / Nhà (CSS, HTML, JavaScript)",0.5277,jd_0218
jd_0219,Kỹ Sư Phát Triển Frontend,8,"Developer / Nhà (CSS, HTML, JavaScript)",0.5316,jd_0219
jd_0220,"Thực Tập Sinh PHP (Sinh Viên Năm Cuối, Backend)",6,"Developer / Java (Java, MySQL, Oracle)",0.5425,jd_0220
jd_0221,Chuyên Viên Phân Tích Nghiệp Vụ,18,"Nhà / kinh (Jira, Figma, Confluence)",0.4892,jd_0221
jd_0222,Mobile Developer (Android Or IOS),15,"Developer / Tiếng (Java, Swift, Kotlin)",0.6141,jd_0222
jd_0223,Data Engineer,14,"tích / Phân (SQL, Excel, Python)",0.6992,jd_0223
jd_0224,"Nhà phân tích kinh doanh (Cấp độ: Trung, cao cấp)",19,"Nhà / kinh (Quản lý dự án, Phân tích nghiệp vụ, Phân tích yêu cầu)",0.6051,jd_0224
jd_0225,Frontend Developer,2,"Engineer / Developer (Python, Docker, Kubernetes)",0.5133,jd_0225
jd_0226,Thực Tập Sinh Tester,10,"Tester / Manual (Kiểm thử phần mềm, SQL, Viết Testcase)",0.5612,jd_0226
jd_0227,Frontend Developer,8,"Developer / Nhà (CSS, HTML, JavaScript)",0.4166,jd_0227
jd_0228,Java Developer,15,"Developer / Tiếng (Java, Swift, Kotlin)",0.706,jd_0228
jd_0229,Thực Tập Sinh Phân Tích Và Triển Khai Nghiệp Vụ,0,"Kinh / Doanh (Tiếng Anh cơ bản, Sử dụng Execl và word thành thạo, Proficient in English or Chinese, equivalent to 6.5 IELTS or HSK 5)",0.6331,jd_0229
jd_0230,Manual Tester,10,"Tester / Manual (Kiểm thử phần mềm, SQL, Viết Testcase)",0.4499,jd_0230
jd_0231,Nhà phát triển back -end (Golang) - Trung tâm/cao cấp,6,"Developer / Java (Java, MySQL, Oracle)",0.5617,jd_0231
jd_0232,"Frontend Developer (next.js, React, TypeScript)",8,"Developer / Nhà (CSS, HTML, JavaScript)",0.4791,jd_0232
jd_0233,Lập Trình Viên .Net Junior,6,"Developer / Java (Java, MySQL, Oracle)",0.4423,jd_0233
jd_0234,Java Fullstack - Spring Framework & Spring Boot,6,"Developer / Java (Java, MySQL, Oracle)",0.4822,jd_0234
jd_0235,Chuyên Viên Phân Tích Nghiệp Vụ,19,"Nhà / kinh (Quản lý dự án, Phân tích nghiệp vụ, Phân tích yêu cầu)",0.5786,jd_0235
jd_0236,Intern Web Developer,8,"Developer / Nhà (CSS, HTML, JavaScript)",0.6915,jd_0236
jd_0237,Data Analyst,2,"Engineer / Developer (Python, Docker, Kubernetes)",0.6879,jd_0237
jd_0238,QC Engineer (Intern),10,"Tester / Manual (Kiểm thử phần mềm, SQL, Viết Testcase)",0.9031,jd_0238
jd_0239,Fullstack Developer,6,"Developer / Java (Java, MySQL, Oracle)",0.5627,jd_0239
jd_0240,Lập Trình Viên Back-End,6,"Developer / Java (Java, MySQL, Oracle)",0.3837,jd_0240
jd_0241,Nhà phân tích kinh doanh Junior (BA),19,"Nhà / kinh (Quản lý dự án, Phân tích nghiệp vụ, Phân tích yêu cầu)",0.6207,jd_0241
jd_0242,Nhà thiết kế đồ họa (Fulltime/Intern),9,"Thiết / Kế (Photoshop, Illustrator, Figma)",0.3524,jd_0242
jd_0243,.NET Developer,6,"Developer / Java (Java, MySQL, Oracle)",0.5492,jd_0243
jd_0244,Kỹ sư phần mềm thực tập (Java hoặc Node.js),6,"Developer / Java (Java, MySQL, Oracle)",0.5065,jd_0244
jd_0245,Lập Trình Viên Java Springboot,6,"Developer / Java (Java, MySQL, Oracle)",0.4812,jd_0245
jd_0246,Chuyên Viên Kiểm Thử Phần Mềm,10,"Tester / Manual (Kiểm thử phần mềm, SQL, Viết Testcase)",0.4807,jd_0246
jd_0247,Nhà phân tích kinh doanh Junior,19,"Nhà / kinh (Quản lý dự án, Phân tích nghiệp vụ, Phân tích yêu cầu)",0.6227,jd_0247
jd_0248,Nhân Viên IT SUPPORT,11,"IT / Quản (VMware, Triển khai và vận hành hệ thống VOIP (Asterisk, FreePbx, FreeSWITCH, Kamailio, OpenSIPS, 3CX), Giao thức SIP, RTP, WebRTC, STUN/TURN/ICE, NAT Traversal)",0.5083,jd_0248
jd_0249,Kỹ Sư Frontend ReactJS Phát Triển Ứng Dụng BPM/CRM,8,"Developer / Nhà (CSS, HTML, JavaScript)",0.4511,jd_0249
jd_0250,Thực Tập Sinh Front-End,8,"Developer / Nhà (CSS, HTML, JavaScript)",0.9461,jd_0250
jd_0251,Data Analyst / BI Analyst,14,"tích / Phân (SQL, Excel, Python)",0.7158,jd_0251
jd_0252,Nhân Viên Kỹ Thuật (IT Support),11,"IT / Quản (VMware, Triển khai và vận hành hệ thống VOIP (Asterisk, FreePbx, FreeSWITCH, Kamailio, OpenSIPS, 3CX), Giao thức SIP, RTP, WebRTC, STUN/TURN/ICE, NAT Traversal)",0.6731,jd_0252
jd_0253,Chuyên Viên Kiểm Thử Phần Mềm,10,"Tester / Manual (Kiểm thử phần mềm, SQL, Viết Testcase)",0.5278,jd_0253
jd_0254,Bán thực tập - làm việc từ xa - thời gian linh hoạt,0,"Kinh / Doanh (Tiếng Anh cơ bản, Sử dụng Execl và word thành thạo, Proficient in English or Chinese, equivalent to 6.5 IELTS or HSK 5)",0.7585,jd_0254
jd_0255,Manual Tester - Tiếng Nhật N3,10,"Tester / Manual (Kiểm thử phần mềm, SQL, Viết Testcase)",0.5824,jd_0255
jd_0256,Java Developer Junior/Middle,6,"Developer / Java (Java, MySQL, Oracle)",0.4092,jd_0256
jd_0257,Nhà phát triển ứng dụng di động,8,"Developer / Nhà (CSS, HTML, JavaScript)",0.4561,jd_0257
jd_0258,.NET Developer (Product Bảo Hiểm),6,"Developer / Java (Java, MySQL, Oracle)",0.6623,jd_0258
jd_0259,Nhà phát triển Frontend (React.js / Next.js),8,"Developer / Nhà (CSS, HTML, JavaScript)",0.3988,jd_0259
jd_0260,Chuyên Viên Lập Trình Java,6,"Developer / Java (Java, MySQL, Oracle)",0.4631,jd_0260
jd_0261,Nhân Viên Thiết Kế Đồ Họa,9,"Thiết / Kế (Photoshop, Illustrator, Figma)",0.3466,jd_0261
jd_0262,Nhân viên kinh doanh tư vấn du lịch,4,"Kinh / Doanh (Kỹ năng giao tiếp, Kỹ năng đàm phán, Kỹ năng bán hàng)",0.6166,jd_0262
jd_0263,IT Support (Không Yêu Cầu Tiếng Anh),17,"Hệ / Engineer (Linux, Network, Storage)",0.5293,jd_0263
jd_0264,Nhân Viên IT,17,"Hệ / Engineer (Linux, Network, Storage)",0.5553,jd_0264
jd_0265,"Lập Trình Viên Fresher/Middle C#, .Net Kiêm BA",8,"Developer / Nhà (CSS, HTML, JavaScript)",0.4545,jd_0265
jd_0266,Nhân Viên Business Analyst,10,"Tester / Manual (Kiểm thử phần mềm, SQL, Viết Testcase)",0.5631,jd_0266
jd_0267,Business Analyst (Intern),0,"Kinh / Doanh (Tiếng Anh cơ bản, Sử dụng Execl và word thành thạo, Proficient in English or Chinese, equivalent to 6.5 IELTS or HSK 5)",0.722,jd_0267
jd_0268,Nhà phát triển Frontend (ReactJS + React Native),8,"Developer / Nhà (CSS, HTML, JavaScript)",0.4388,jd_0268
jd_0269,Chuyên Viên Kiểm Thử,10,"Tester / Manual (Kiểm thử phần mềm, SQL, Viết Testcase)",0.5818,jd_0269
jd_0270,Nhà phát triển Junior Frontend,8,"Developer / Nhà (CSS, HTML, JavaScript)",0.3835,jd_0270
jd_0271,Kỹ Sư Phần Mềm Ứng Dụng Desktop,15,"Developer / Tiếng (Java, Swift, Kotlin)",0.6859,jd_0271
jd_0272,Nhà phát triển Salesior Salesforce,18,"Nhà / kinh (Jira, Figma, Confluence)",0.5996,jd_0272
jd_0273,Kỹ sư dữ liệu cao cấp,2,"Engineer / Developer (Python, Docker, Kubernetes)",0.5532,jd_0273
jd_0274,Chuyên gia phân tích hoạt động,14,"tích / Phân (SQL, Excel, Python)",0.5214,jd_0274
jd_0275,Chuyên Viên Phát Triển Thiết Bị Thanh Toán/ Nhân Viên Kinh Doanh/ Sales,4,"Kinh / Doanh (Kỹ năng giao tiếp, Kỹ năng đàm phán, Kỹ năng bán hàng)",0.5426,jd_0275
jd_0276,Nhà phát triển phụ trợ cao cấp,6,"Developer / Java (Java, MySQL, Oracle)",0.546,jd_0276
jd_0277,Nhà phân tích kinh doanh,19,"Nhà / kinh (Quản lý dự án, Phân tích nghiệp vụ, Phân tích yêu cầu)",0.7312,jd_0277
jd_0278,Kỹ sư phụ trợ (Python/Golang),2,"Engineer / Developer (Python, Docker, Kubernetes)",0.4825,jd_0278
jd_0279,Nhân Viên Kinh Doanh Phần Mềm,0,"Kinh / Doanh (Tiếng Anh cơ bản, Sử dụng Execl và word thành thạo, Proficient in English or Chinese, equivalent to 6.5 IELTS or HSK 5)",0.457,jd_0279
jd_0280,Frontend Developer (ReactJS),8,"Developer / Nhà (CSS, HTML, JavaScript)",0.5747,jd_0280
jd_0281,Thực Tập Sinh Thiết Kế Đồ Họa,9,"Thiết / Kế (Photoshop, Illustrator, Figma)",0.3677,jd_0281
jd_0282,Nhân Viên Lập Trình Mobile,15,"Developer / Tiếng (Java, Swift, Kotlin)",0.7843,jd_0282
jd_0283,Nhân Viên Kỹ Thuật Mạng Máy Tính - IT Support,5,"IT / Thuật (Hệ điều hành Windows, Phần mềm văn phòng, Mạng máy tính)",0.5944,jd_0283
jd_0284,"Thực Tập Lập Trình Backend (Webhook, Automation)",8,"Developer / Nhà (CSS, HTML, JavaScript)",0.5331,jd_0284
jd_0285,Thực Tập Sinh Lập Trình Viên,6,"Developer / Java (Java, MySQL, Oracle)",0.47,jd_0285
jd_0286,Nhân Viên Thiết Kế Website,8,"Developer / Nhà (CSS, HTML, JavaScript)",0.6135,jd_0286
jd_0287,Nhà phân tích dữ liệu cao cấp,2,"Engineer / Developer (Python, Docker, Kubernetes)",0.514,jd_0287
jd_0288,Đánh Giá An Toàn Thông Tin (Redteam),18,"Nhà / kinh (Jira, Figma, Confluence)",0.7017,jd_0288
jd_0289,Nhân Viên UI/UX Designer,9,"Thiết / Kế (Photoshop, Illustrator, Figma)",0.5013,jd_0289
jd_0290,Chuyên Viên Phát Triển Sản Phẩm,19,"Nhà / kinh (Quản lý dự án, Phân tích nghiệp vụ, Phân tích yêu cầu)",0.5001,jd_0290
jd_0291,Chuyên Viên Phân Tích Nghiệp Vụ,18,"Nhà / kinh (Jira, Figma, Confluence)",0.551,jd_0291
jd_0292,Chuyên Viên Phân Tích Vận Hành (Dự Án Xe Tải),14,"tích / Phân (SQL, Excel, Python)",0.5459,jd_0292
jd_0293,Nhân Viên Kiểm Thử Phần Mềm,10,"Tester / Manual (Kiểm thử phần mềm, SQL, Viết Testcase)",0.5013,jd_0293
jd_0294,Nhân Viên IT,8,"Developer / Nhà (CSS, HTML, JavaScript)",0.3913,jd_0294
jd_0295,Backend Developer (Java/Golang),2,"Engineer / Developer (Python, Docker, Kubernetes)",0.5386,jd_0295
jd_0296,Kỹ Sư Dữ Liệu Cấp Cao,2,"Engineer / Developer (Python, Docker, Kubernetes)",0.4199,jd_0296
jd_0297,Junior Tester,10,"Tester / Manual (Kiểm thử phần mềm, SQL, Viết Testcase)",0.5047,jd_0297
jd_0298,Các nhà chương trình UX / UI phản ứng và Node JS và Nhà thiết kế cho phần mềm CRM,9,"Thiết / Kế (Photoshop, Illustrator, Figma)",0.5632,jd_0298
jd_0299,Thiết kế đồ họa,13,"3D / Thiết (Photoshop, Unity, Maya)",0.6939,jd_0299
jd_0300,Phân tích dữ liệu cao cấp,14,"tích / Phân (SQL, Excel, Python)",0.5632,jd_0300
jd_0301,Java Developer,6,"Developer / Java (Java, MySQL, Oracle)",0.3958,jd_0301
jd_0302,Nhà phân tích kinh doanh,19,"Nhà / kinh (Quản lý dự án, Phân tích nghiệp vụ, Phân tích yêu cầu)",0.6356,jd_0302
jd_0303,"Nhà phân tích kinh doanh (cao cấp, giữa)",19,"Nhà / kinh (Quản lý dự án, Phân tích nghiệp vụ, Phân tích yêu cầu)",0.543,jd_0303
jd_0304,Backend Developer (NodeJS) (Middle/ Senior),6,"Developer / Java (Java, MySQL, Oracle)",0.5143,jd_0304
jd_0305,Quản lý dự án (Phần mềm cơ sở),19,"Nhà / kinh (Quản lý dự án, Phân tích nghiệp vụ, Phân tích yêu cầu)",0.602,jd_0305
jd_0306,Nhân Viên IT Helpdesk,5,"IT / Thuật (Hệ điều hành Windows, Phần mềm văn phòng, Mạng máy tính)",0.63,jd_0306
jd_0307,Web Developer,8,"Developer / Nhà (CSS, HTML, JavaScript)",0.4498,jd_0307
jd_0308,Chuyên Viên Kiểm Soát Nội Bộ,18,"Nhà / kinh (Jira, Figma, Confluence)",0.7038,jd_0308
jd_0309,Nhân Viên Kinh Doanh/ Sales (IT/CNTT/Viễn Thông),0,"Kinh / Doanh (Tiếng Anh cơ bản, Sử dụng Execl và word thành thạo, Proficient in English or Chinese, equivalent to 6.5 IELTS or HSK 5)",0.5678,jd_0309
jd_0310,Nhân Viên Thiết Kế,9,"Thiết / Kế (Photoshop, Illustrator, Figma)",0.484,jd_0310
jd_0311,Java Developer,6,"Developer / Java (Java, MySQL, Oracle)",0.3665,jd_0311
jd_0312,Chuyên Viên Kinh Doanh/Tư Vấn,4,"Kinh / Doanh (Kỹ năng giao tiếp, Kỹ năng đàm phán, Kỹ năng bán hàng)",0.5035,jd_0312
jd_0313,Nhân Viên Thiết Kế - Graphic Designer,3,"Thiết / Kế (Adobe Photoshop, Adobe Illustrator, Illustrator)",0.2769,jd_0313
jd_0314,Designer - Thiết Kế POD 2D/3D,9,"Thiết / Kế (Photoshop, Illustrator, Figma)",0.6063,jd_0314
jd_0315,Nhân Viên Bảo Trì Điện (PLC - MÁY CNC),18,"Nhà / kinh (Jira, Figma, Confluence)",0.5729,jd_0315
jd_0316,Nhân Viên Thiết Kế/Graphic Designer,3,"Thiết / Kế (Adobe Photoshop, Adobe Illustrator, Illustrator)",0.2826,jd_0316
jd_0317,Nhân Viên Quản Lý Dự Án,6,"Developer / Java (Java, MySQL, Oracle)",0.4222,jd_0317
jd_0318,Kỹ Sư Tư Vấn Hỗ Trợ Phần Mềm Sản Xuất Đồ Gỗ,13,"3D / Thiết (Photoshop, Unity, Maya)",0.5675,jd_0318
jd_0319,2D Designer (UX/UI),9,"Thiết / Kế (Photoshop, Illustrator, Figma)",0.661,jd_0319
jd_0320,Nhân Viên Kinh Doanh,12,"Doanh / Kinh (Tin học văn phòng, Tin học văn phòng (Word, Excel, PowerPoint), Sử dụng CRM)",0.6862,jd_0320
jd_0321,Chuyên Viên Kinh Doanh Phần Mềm,12,"Doanh / Kinh (Tin học văn phòng, Tin học văn phòng (Word, Excel, PowerPoint), Sử dụng CRM)",0.7457,jd_0321
jd_0322,Sales Executive,0,"Kinh / Doanh (Tiếng Anh cơ bản, Sử dụng Execl và word thành thạo, Proficient in English or Chinese, equivalent to 6.5 IELTS or HSK 5)",0.6972,jd_0322
jd_0323,Nhân Viên Quản Lý Chất Lượng Phần Mềm - Process Quality Assurance,18,"Nhà / kinh (Jira, Figma, Confluence)",0.6088,jd_0323
jd_0324,Nhân Viên IT,5,"IT / Thuật (Hệ điều hành Windows, Phần mềm văn phòng, Mạng máy tính)",0.5425,jd_0324
jd_0325,Nhân Viên Thiết Kế 2D Kiêm Chụp Ảnh,9,"Thiết / Kế (Photoshop, Illustrator, Figma)",0.402,jd_0325
jd_0326,Nhân Viên Vận Hành Hệ Thống,5,"IT / Thuật (Hệ điều hành Windows, Phần mềm văn phòng, Mạng máy tính)",0.523,jd_0326
jd_0327,DevOps (Development+QA+Operation),11,"IT / Quản (VMware, Triển khai và vận hành hệ thống VOIP (Asterisk, FreePbx, FreeSWITCH, Kamailio, OpenSIPS, 3CX), Giao thức SIP, RTP, WebRTC, STUN/TURN/ICE, NAT Traversal)",0.6736,jd_0327
jd_0328,Nhân Viên Thiết Kế & Media (Brand Media Designer),9,"Thiết / Kế (Photoshop, Illustrator, Figma)",0.4209,jd_0328
jd_0329,Chuyên Viên Phát Triển Phần Mềm,8,"Developer / Nhà (CSS, HTML, JavaScript)",0.3759,jd_0329
jd_0330,Trưởng Nhóm Thiết Kế 2D,7,"Thiết / Kế (Quay dựng video, audio editing, voice acting)",0.5322,jd_0330
jd_0331,Nhân Viên Kỹ Thuật Lập Trình CNC,1,"CNC / Máy (Lập trình CNC, NX, Mastercam)",0.5853,jd_0331
jd_0332,Nhân Viên Admin Phòng Công Nghệ Thông Tin,19,"Nhà / kinh (Quản lý dự án, Phân tích nghiệp vụ, Phân tích yêu cầu)",0.6369,jd_0332
jd_0333,Nhân Viên Thiết Kế,9,"Thiết / Kế (Photoshop, Illustrator, Figma)",0.3638,jd_0333
jd_0334,Dev Fullstack Web App Tài Chính Tích Hợp AI,2,"Engineer / Developer (Python, Docker, Kubernetes)",0.6307,jd_0334
jd_0335,Người kiểm tra tự động hóa,2,"Engineer / Developer (Python, Docker, Kubernetes)",0.5764,jd_0335
jd_0336,Angular (TCB),18,"Nhà / kinh (Jira, Figma, Confluence)",0.6982,jd_0336
jd_0337,Nhà phát triển FullStack (Python + PHP),6,"Developer / Java (Java, MySQL, Oracle)",0.6148,jd_0337
jd_0338,Nhân Viên Gán Nhãn Dữ Liệu Tiếng Anh (Cấp Độ C1),14,"tích / Phân (SQL, Excel, Python)",0.8718,jd_0338
jd_0339,Nhân Viên Lập Trình Kỹ Thuật CNC,1,"CNC / Máy (Lập trình CNC, NX, Mastercam)",0.4437,jd_0339
jd_0340,Chuyên Viên Phát Triển Kinh Doanh (B2B),12,"Doanh / Kinh (Tin học văn phòng, Tin học văn phòng (Word, Excel, PowerPoint), Sử dụng CRM)",0.6699,jd_0340
jd_0341,Senior Game Designer,7,"Thiết / Kế (Quay dựng video, audio editing, voice acting)",0.7754,jd_0341
jd_0342,Chuyên Viên Thiết Kế Đồ Họa,9,"Thiết / Kế (Photoshop, Illustrator, Figma)",0.3032,jd_0342
jd_0343,Project Manager,19,"Nhà / kinh (Quản lý dự án, Phân tích nghiệp vụ, Phân tích yêu cầu)",0.633,jd_0343
jd_0344,Thực Tập Sinh Kinh Doanh Phần Mềm Website,0,"Kinh / Doanh (Tiếng Anh cơ bản, Sử dụng Execl và word thành thạo, Proficient in English or Chinese, equivalent to 6.5 IELTS or HSK 5)",0.8511,jd_0344
jd_0345,Nhân Viên Tư Vấn Kinh Doanh -App Sheet,12,"Doanh / Kinh (Tin học văn phòng, Tin học văn phòng (Word, Excel, PowerPoint), Sử dụng CRM)",0.8434,jd_0345
jd_0346,Thực Tập Sinh Ngành Công Nghệ Thông Tin,0,"Kinh / Doanh (Tiếng Anh cơ bản, Sử dụng Execl và word thành thạo, Proficient in English or Chinese, equivalent to 6.5 IELTS or HSK 5)",0.8037,jd_0346
jd_0347,Trưởng Phòng Kỹ Thuật Camera Điện Nhẹ,17,"Hệ / Engineer (Linux, Network, Storage)",0.5358,jd_0347
jd_0348,Thực Tập Sinh Design,9,"Thiết / Kế (Photoshop, Illustrator, Figma)",0.3991,jd_0348
jd_0349,Nhân Viên Lập Trình Máy Phay CNC,1,"CNC / Máy (Lập trình CNC, NX, Mastercam)",0.4159,jd_0349
jd_0350,Nhân Viên Telesales Phần Mềm,12,"Doanh / Kinh (Tin học văn phòng, Tin học văn phòng (Word, Excel, PowerPoint), Sử dụng CRM)",0.9025,jd_0350
jd_0351,Nhân Viên Kinh Doanh Phần Mềm,12,"Doanh / Kinh (Tin học văn phòng, Tin học văn phòng (Word, Excel, PowerPoint), Sử dụng CRM)",0.4785,jd_0351
jd_0352,System Administrator (Storage),2,"Engineer / Developer (Python, Docker, Kubernetes)",0.4192,jd_0352
jd_0353,Chuyên Viên Thiết Kế - Quay Dựng,9,"Thiết / Kế (Photoshop, Illustrator, Figma)",0.4152,jd_0353
jd_0354,Thiết Kế Đồ Họa,9,"Thiết / Kế (Photoshop, Illustrator, Figma)",0.4327,jd_0354
jd_0355,Thiết kế đồ họa cao cấp,7,"Thiết / Kế (Quay dựng video, audio editing, voice acting)",0.5259,jd_0355
jd_0356,Nhân Viên Kỹ Thuật Máy Tính,5,"IT / Thuật (Hệ điều hành Windows, Phần mềm văn phòng, Mạng máy tính)",0.4982,jd_0356
jd_0357,BIM Manager,18,"Nhà / kinh (Jira, Figma, Confluence)",0.5525,jd_0357
jd_0358,3D Artist,13,"3D / Thiết (Photoshop, Unity, Maya)",0.6112,jd_0358
jd_0359,Multimedia Designer,7,"Thiết / Kế (Quay dựng video, audio editing, voice acting)",0.6705,jd_0359
jd_0360,AI Leader ( Domain Edtech),2,"Engineer / Developer (Python, Docker, Kubernetes)",0.5472,jd_0360
jd_0361,Nhân Viên Tester,10,"Tester / Manual (Kiểm thử phần mềm, SQL, Viết Testcase)",0.4442,jd_0361
jd_0362,Nhân Viên Kinh Doanh Dự Án,12,"Doanh / Kinh (Tin học văn phòng, Tin học văn phòng (Word, Excel, PowerPoint), Sử dụng CRM)",0.6121,jd_0362
jd_0363,Lãnh đạo kỹ thuật,17,"Hệ / Engineer (Linux, Network, Storage)",0.5802,jd_0363
jd_0364,Database Administrator,6,"Developer / Java (Java, MySQL, Oracle)",0.6106,jd_0364
jd_0365,Senior Frontend Developer,8,"Developer / Nhà (CSS, HTML, JavaScript)",0.457,jd_0365
jd_0366,Điều hành hợp tác,16,"triển / kinh (Google Ads, B2B sales, Facebook Ads)",0.7158,jd_0366
jd_0367,Quản lý dự án (PM),19,"Nhà / kinh (Quản lý dự án, Phân tích nghiệp vụ, Phân tích yêu cầu)",0.6623,jd_0367
jd_0368,Project Manager,19,"Nhà / kinh (Quản lý dự án, Phân tích nghiệp vụ, Phân tích yêu cầu)",0.5464,jd_0368
jd_0369,Nhà phát triển Python (cấp độ cao cấp/nhóm),6,"Developer / Java (Java, MySQL, Oracle)",0.4841,jd_0369
jd_0370,Java Developer,6,"Developer / Java (Java, MySQL, Oracle)",0.4878,jd_0370
jd_0371,Java Developer - Onsite,6,"Developer / Java (Java, MySQL, Oracle)",0.3896,jd_0371
jd_0372,Nhà phân tích dữ liệu kinh doanh,14,"tích / Phân (SQL, Excel, Python)",0.5352,jd_0372
jd_0373,Thực Tập Sinh Kinh Doanh,12,"Doanh / Kinh (Tin học văn phòng, Tin học văn phòng (Word, Excel, PowerPoint), Sử dụng CRM)",0.6543,jd_0373
jd_0374,Sales IT (B2B),16,"triển / kinh (Google Ads, B2B sales, Facebook Ads)",0.6451,jd_0374
jd_0375,Người kiểm tra hiệu suất,18,"Nhà / kinh (Jira, Figma, Confluence)",0.8415,jd_0375
jd_0376,Nhân Viên Thiết Kế,3,"Thiết / Kế (Adobe Photoshop, Adobe Illustrator, Illustrator)",0.3275,jd_0376
jd_0377,Chuyên gia quản trị an ninh CNTT,17,"Hệ / Engineer (Linux, Network, Storage)",0.6606,jd_0377
jd_0378,Giám Đốc Sản Phẩm,16,"triển / kinh (Google Ads, B2B sales, Facebook Ads)",0.6323,jd_0378
jd_0379,Nhân Viên Kinh Doanh Phần Mềm,12,"Doanh / Kinh (Tin học văn phòng, Tin học văn phòng (Word, Excel, PowerPoint), Sử dụng CRM)",0.5133,jd_0379
jd_0380,Nhân Viên Kinh Doanh,12,"Doanh / Kinh (Tin học văn phòng, Tin học văn phòng (Word, Excel, PowerPoint), Sử dụng CRM)",0.4661,jd_0380
jd_0381,Trưởng Nhóm Thiết Kế,3,"Thiết / Kế (Adobe Photoshop, Adobe Illustrator, Illustrator)",0.3715,jd_0381
jd_0382,Lập Trình Máy CNC,1,"CNC / Máy (Lập trình CNC, NX, Mastercam)",0.6195,jd_0382
jd_0383,Nhân Viên Thiết Kế Đồ Họa,3,"Thiết / Kế (Adobe Photoshop, Adobe Illustrator, Illustrator)",0.3101,jd_0383
jd_0384,Chủ sở hữu sản phẩm (ứng dụng di động),14,"tích / Phân (SQL, Excel, Python)",0.5346,jd_0384
jd_0385,Manual Tester,10,"Tester / Manual (Kiểm thử phần mềm, SQL, Viết Testcase)",0.6543,jd_0385
jd_0386,Thiết kế đồ họa,9,"Thiết / Kế (Photoshop, Illustrator, Figma)",0.3592,jd_0386
jd_0387,Nhân Viên Thiết Kế,7,"Thiết / Kế (Quay dựng video, audio editing, voice acting)",0.6474,jd_0387
jd_0388,Chuyên Viên Quản Trị Web,8,"Developer / Nhà (CSS, HTML, JavaScript)",0.5829,jd_0388
jd_0389,Nhà phân tích kinh doanh Trưởng nhóm (Ngân hàng/FinTech),14,"tích / Phân (SQL, Excel, Python)",0.5958,jd_0389
jd_0390,Nhân Viên Designer (Thiết Kế Hình Ảnh),16,"triển / kinh (Google Ads, B2B sales, Facebook Ads)",0.6928,jd_0390
jd_0391,Thực Tập Sinh Thiết Kế Đồ Họa,3,"Thiết / Kế (Adobe Photoshop, Adobe Illustrator, Illustrator)",0.2553,jd_0391
jd_0392,Nhân Viên Thiết Kế Đồ Họa,7,"Thiết / Kế (Quay dựng video, audio editing, voice acting)",0.5801,jd_0392
jd_0393,Người kiểm tra tự động hóa cao cấp,2,"Engineer / Developer (Python, Docker, Kubernetes)",0.6164,jd_0393
jd_0394,Nhân Viên Kỹ Thuật Bình Ghép File Và In Ấn,7,"Thiết / Kế (Quay dựng video, audio editing, voice acting)",0.7799,jd_0394
jd_0395,Senior UI/UX Design,9,"Thiết / Kế (Photoshop, Illustrator, Figma)",0.4345,jd_0395
jd_0396,Thiết Kế Đồ Hoạ,9,"Thiết / Kế (Photoshop, Illustrator, Figma)",0.3367,jd_0396
jd_0397,Chuyên Viên Thiết Kế,3,"Thiết / Kế (Adobe Photoshop, Adobe Illustrator, Illustrator)",0.392,jd_0397
jd_0398,Nhân Viên Thiết Kế Đồ Họa,9,"Thiết / Kế (Photoshop, Illustrator, Figma)",0.3644,jd_0398
jd_0399,Diễn Hoạt,13,"3D / Thiết (Photoshop, Unity, Maya)",0.5596,jd_0399
jd_0400,Kỹ Sư Kết Cấu 3D Revit Modeling (8h-16h30),13,"3D / Thiết (Photoshop, Unity, Maya)",0.7613,jd_0400
jd_0401,Kỹ Sư BIM 3D Tekla Modeling (8h-16h30),13,"3D / Thiết (Photoshop, Unity, Maya)",0.7386,jd_0401
jd_0402,Trợ Lý Giám Đốc,12,"Doanh / Kinh (Tin học văn phòng, Tin học văn phòng (Word, Excel, PowerPoint), Sử dụng CRM)",0.8281,jd_0402
jd_0403,Odoo Developer,2,"Engineer / Developer (Python, Docker, Kubernetes)",0.7154,jd_0403
jd_0404,Bridge System Engineer (BrSE),15,"Developer / Tiếng (Java, Swift, Kotlin)",0.7048,jd_0404
jd_0405,Manual Tester,10,"Tester / Manual (Kiểm thử phần mềm, SQL, Viết Testcase)",0.5777,jd_0405
jd_0406,Chuyên Viên Media Kiêm Thiết Kế,7,"Thiết / Kế (Quay dựng video, audio editing, voice acting)",0.6175,jd_0406
jd_0407,Chuyên Viên Vận Hành Hệ Thống Microsoft Exchange Hybrid,17,"Hệ / Engineer (Linux, Network, Storage)",0.5239,jd_0407
jd_0408,Lập Trình Viên Từ N3 (Visa Nhanh),6,"Developer / Java (Java, MySQL, Oracle)",0.6214,jd_0408
jd_0409,Đồ họa hoạt hình nhóm chính/ Đồ họa chuyển động,9,"Thiết / Kế (Photoshop, Illustrator, Figma)",0.4899,jd_0409
jd_0410,Chuyên Viên Kinh Doanh Giải Pháp Camera AI (B2B),0,"Kinh / Doanh (Tiếng Anh cơ bản, Sử dụng Execl và word thành thạo, Proficient in English or Chinese, equivalent to 6.5 IELTS or HSK 5)",0.9308,jd_0410
jd_0411,Android Developer (Kotlin),15,"Developer / Tiếng (Java, Swift, Kotlin)",0.6667,jd_0411
jd_0412,EPR Consultant,18,"Nhà / kinh (Jira, Figma, Confluence)",0.6506,jd_0412
jd_0413,IT Application Ngành Sản Xuất- Quản Lý Ứng Dụng Công Nghệ Thông Tin,6,"Developer / Java (Java, MySQL, Oracle)",0.4834,jd_0413
jd_0414,Nhân Viên Thiết Kế,3,"Thiết / Kế (Adobe Photoshop, Adobe Illustrator, Illustrator)",0.2901,jd_0414
jd_0415,Nhân Viên Thiết Kế,9,"Thiết / Kế (Photoshop, Illustrator, Figma)",0.3472,jd_0415
jd_0416,Nhân Viên Thiết Kế,3,"Thiết / Kế (Adobe Photoshop, Adobe Illustrator, Illustrator)",0.3105,jd_0416
jd_0417,Nhân Viên Kinh Doanh (Junior Sales Executive),4,"Kinh / Doanh (Kỹ năng giao tiếp, Kỹ năng đàm phán, Kỹ năng bán hàng)",0.6316,jd_0417
jd_0418,Nhà phân tích kinh doanh,18,"Nhà / kinh (Jira, Figma, Confluence)",0.5393,jd_0418
jd_0419,Nhà phân tích kinh doanh,18,"Nhà / kinh (Jira, Figma, Confluence)",0.5393,jd_0419
jd_0420,Nhân Viên Thiết Kế,3,"Thiết / Kế (Adobe Photoshop, Adobe Illustrator, Illustrator)",0.6773,jd_0420
jd_0421,Junior Sales Executive,16,"triển / kinh (Google Ads, B2B sales, Facebook Ads)",0.7357,jd_0421
jd_0422,Chuyên Viên Tư Vấn Giải Pháp,19,"Nhà / kinh (Quản lý dự án, Phân tích nghiệp vụ, Phân tích yêu cầu)",0.6318,jd_0422
jd_0423,Nhân Viên Marketing/ Kinh Doanh Phần Mềm,12,"Doanh / Kinh (Tin học văn phòng, Tin học văn phòng (Word, Excel, PowerPoint), Sử dụng CRM)",0.5203,jd_0423
jd_0424,Chuyên Viên Quản Trị Dịch Vụ Công Nghệ Thông Tin,19,"Nhà / kinh (Quản lý dự án, Phân tích nghiệp vụ, Phân tích yêu cầu)",0.7148,jd_0424
jd_0425,Phó Trưởng Phòng Sản Phầm Dịch Vụ Phần Mềm,6,"Developer / Java (Java, MySQL, Oracle)",0.5591,jd_0425
jd_0426,Nhân Viên Văn Phòng,14,"tích / Phân (SQL, Excel, Python)",0.6155,jd_0426
jd_0427,3D Modeler/3D Artist,13,"3D / Thiết (Photoshop, Unity, Maya)",0.6433,jd_0427
jd_0428,Nhân Viên Lập Trình Hệ Thống Báo Cháy (Tiếng Hàn),5,"IT / Thuật (Hệ điều hành Windows, Phần mềm văn phòng, Mạng máy tính)",0.9381,jd_0428
jd_0429,Nhân Viên Triển Khai Phần Mềm,11,"IT / Quản (VMware, Triển khai và vận hành hệ thống VOIP (Asterisk, FreePbx, FreeSWITCH, Kamailio, OpenSIPS, 3CX), Giao thức SIP, RTP, WebRTC, STUN/TURN/ICE, NAT Traversal)",0.6575,jd_0429
jd_0430,Nhân Viên Kinh Doanh Phần Mềm,12,"Doanh / Kinh (Tin học văn phòng, Tin học văn phòng (Word, Excel, PowerPoint), Sử dụng CRM)",0.6429,jd_0430
jd_0431,Chuyên Viên IT (Chuyên Viên Quản Trị Hệ Thống),11,"IT / Quản (VMware, Triển khai và vận hành hệ thống VOIP (Asterisk, FreePbx, FreeSWITCH, Kamailio, OpenSIPS, 3CX), Giao thức SIP, RTP, WebRTC, STUN/TURN/ICE, NAT Traversal)",0.6283,jd_0431
jd_0432,Chuyên Viên IT (Chuyên Viên Quản Trị Hệ Thống),11,"IT / Quản (VMware, Triển khai và vận hành hệ thống VOIP (Asterisk, FreePbx, FreeSWITCH, Kamailio, OpenSIPS, 3CX), Giao thức SIP, RTP, WebRTC, STUN/TURN/ICE, NAT Traversal)",0.6283,jd_0432
jd_0433,Thực Tập Sinh Video Editor,13,"3D / Thiết (Photoshop, Unity, Maya)",0.72,jd_0433
jd_0434,Nhà thiết kế đồ họa Junior,9,"Thiết / Kế (Photoshop, Illustrator, Figma)",0.4816,jd_0434
jd_0435,Chuyên Viên Thiết Kế Đồ Hoạ,3,"Thiết / Kế (Adobe Photoshop, Adobe Illustrator, Illustrator)",0.3025,jd_0435
jd_0436,Kỹ Sư Triển Khai (Network),11,"IT / Quản (VMware, Triển khai và vận hành hệ thống VOIP (Asterisk, FreePbx, FreeSWITCH, Kamailio, OpenSIPS, 3CX), Giao thức SIP, RTP, WebRTC, STUN/TURN/ICE, NAT Traversal)",0.6736,jd_0436
jd_0437,Thiết kế đồ họa,9,"Thiết / Kế (Photoshop, Illustrator, Figma)",0.42,jd_0437
jd_0438,Business Development (Global Market),0,"Kinh / Doanh (Tiếng Anh cơ bản, Sử dụng Execl và word thành thạo, Proficient in English or Chinese, equivalent to 6.5 IELTS or HSK 5)",0.8545,jd_0438
jd_0439,Nhà phân tích kinh doanh,19,"Nhà / kinh (Quản lý dự án, Phân tích nghiệp vụ, Phân tích yêu cầu)",0.7195,jd_0439
jd_0440,Trưởng Bộ Phận IT,5,"IT / Thuật (Hệ điều hành Windows, Phần mềm văn phòng, Mạng máy tính)",0.6216,jd_0440
jd_0441,Kỹ Thuật Viên Lập Trình Và Vận Hành Máy CNC,1,"CNC / Máy (Lập trình CNC, NX, Mastercam)",0.4571,jd_0441
jd_0442,Nhà phát triển Sitecore,8,"Developer / Nhà (CSS, HTML, JavaScript)",0.4708,jd_0442
jd_0443,APAC Presales Lead/Manager,11,"IT / Quản (VMware, Triển khai và vận hành hệ thống VOIP (Asterisk, FreePbx, FreeSWITCH, Kamailio, OpenSIPS, 3CX), Giao thức SIP, RTP, WebRTC, STUN/TURN/ICE, NAT Traversal)",0.6048,jd_0443
jd_0444,BrSE - Kỹ Sư Cầu Nối Tiếng Nhật,15,"Developer / Tiếng (Java, Swift, Kotlin)",0.8198,jd_0444
jd_0445,IT Project Manager (Quản Lý Dự Án),19,"Nhà / kinh (Quản lý dự án, Phân tích nghiệp vụ, Phân tích yêu cầu)",0.5781,jd_0445
jd_0446,Trưởng Nhóm Kiểm Thử,18,"Nhà / kinh (Jira, Figma, Confluence)",0.7167,jd_0446
jd_0447,Thiết Kế Đồ Họa,9,"Thiết / Kế (Photoshop, Illustrator, Figma)",0.3684,jd_0447
jd_0448,Chuyên Viên Thiết Kế,3,"Thiết / Kế (Adobe Photoshop, Adobe Illustrator, Illustrator)",0.3853,jd_0448
jd_0449,Thiết kế đồ họa thực tập,9,"Thiết / Kế (Photoshop, Illustrator, Figma)",0.4013,jd_0449
jd_0450,Nhân Viên Sale,12,"Doanh / Kinh (Tin học văn phòng, Tin học văn phòng (Word, Excel, PowerPoint), Sử dụng CRM)",0.7195,jd_0450
jd_0451,Leader QC ERP,18,"Nhà / kinh (Jira, Figma, Confluence)",0.686,jd_0451
jd_0452,Chuyên Viên Tư Vấn Phần Mềm,12,"Doanh / Kinh (Tin học văn phòng, Tin học văn phòng (Word, Excel, PowerPoint), Sử dụng CRM)",0.562,jd_0452
jd_0453,Nó quản lý dự án,6,"Developer / Java (Java, MySQL, Oracle)",0.5223,jd_0453
jd_0454,Kỹ Sư BIM - Ưu Tiên Sinh Viên Mới Ra Trường,18,"Nhà / kinh (Jira, Figma, Confluence)",0.6882,jd_0454
jd_0455,Java Team Leader - Domain Tài Chính Số,6,"Developer / Java (Java, MySQL, Oracle)",0.4841,jd_0455
jd_0456,Quản Lý Hình Ảnh Thương Hiệu (Graphic Designer),9,"Thiết / Kế (Photoshop, Illustrator, Figma)",0.401,jd_0456
jd_0457,Nhân Viên Tư Vấn Phần Mềm,16,"triển / kinh (Google Ads, B2B sales, Facebook Ads)",0.6513,jd_0457
jd_0458,2D Game Artist,7,"Thiết / Kế (Quay dựng video, audio editing, voice acting)",0.6752,jd_0458
jd_0459,Chuyên Viên Thiết Kế,9,"Thiết / Kế (Photoshop, Illustrator, Figma)",0.4061,jd_0459
jd_0460,Cloud Security Expert/Specialist,17,"Hệ / Engineer (Linux, Network, Storage)",0.4696,jd_0460
jd_0461,Chuyên Viên IT Quản Trị Hệ Thống & Hỗ Trợ Phần Mềm,11,"IT / Quản (VMware, Triển khai và vận hành hệ thống VOIP (Asterisk, FreePbx, FreeSWITCH, Kamailio, OpenSIPS, 3CX), Giao thức SIP, RTP, WebRTC, STUN/TURN/ICE, NAT Traversal)",0.6506,jd_0461
jd_0462,Nhân Viên Lập Trình CAM,1,"CNC / Máy (Lập trình CNC, NX, Mastercam)",0.5556,jd_0462
jd_0463,Chuyên Viên Kinh Doanh Chữ Ký Số,0,"Kinh / Doanh (Tiếng Anh cơ bản, Sử dụng Execl và word thành thạo, Proficient in English or Chinese, equivalent to 6.5 IELTS or HSK 5)",0.4626,jd_0463
jd_0464,Nhân Viên Cải Tiến Quy Trình,18,"Nhà / kinh (Jira, Figma, Confluence)",0.6799,jd_0464
jd_0465,Nhân Viên Văn Phòng,12,"Doanh / Kinh (Tin học văn phòng, Tin học văn phòng (Word, Excel, PowerPoint), Sử dụng CRM)",0.6444,jd_0465
jd_0466,Nhân Viên Devops,2,"Engineer / Developer (Python, Docker, Kubernetes)",0.6099,jd_0466
jd_0467,Quản lý tài khoản,18,"Nhà / kinh (Jira, Figma, Confluence)",0.7,jd_0467
jd_0468,Nhân Viên Kinh Doanh Tư Vấn Website,12,"Doanh / Kinh (Tin học văn phòng, Tin học văn phòng (Word, Excel, PowerPoint), Sử dụng CRM)",0.6692,jd_0468
jd_0469,International Sale,4,"Kinh / Doanh (Kỹ năng giao tiếp, Kỹ năng đàm phán, Kỹ năng bán hàng)",0.6187,jd_0469
jd_0470,Chuyên Viên Phát Triển Thị Trường,0,"Kinh / Doanh (Tiếng Anh cơ bản, Sử dụng Execl và word thành thạo, Proficient in English or Chinese, equivalent to 6.5 IELTS or HSK 5)",0.7784,jd_0470
jd_0471,Chuyên Viên Tư Vấn Phần Mềm Mảng Bán Lẻ,4,"Kinh / Doanh (Kỹ năng giao tiếp, Kỹ năng đàm phán, Kỹ năng bán hàng)",0.4051,jd_0471
jd_0472,Tư Vấn Giải Pháp F&B,0,"Kinh / Doanh (Tiếng Anh cơ bản, Sử dụng Execl và word thành thạo, Proficient in English or Chinese, equivalent to 6.5 IELTS or HSK 5)",0.9157,jd_0472
jd_0473,Nhân Viên Kết Nối Khách Hàng Sản Phẩm Phần Mềm,0,"Kinh / Doanh (Tiếng Anh cơ bản, Sử dụng Execl và word thành thạo, Proficient in English or Chinese, equivalent to 6.5 IELTS or HSK 5)",0.5583,jd_0473
jd_0474,Trưởng Bộ Phận Sản Xuất Video Và Hình Ảnh,13,"3D / Thiết (Photoshop, Unity, Maya)",0.592,jd_0474
jd_0475,Nhân Viên Kinh Doanh B2B,0,"Kinh / Doanh (Tiếng Anh cơ bản, Sử dụng Execl và word thành thạo, Proficient in English or Chinese, equivalent to 6.5 IELTS or HSK 5)",0.691,jd_0475
jd_0476,Thực Tập Sinh Kinh Doanh,12,"Doanh / Kinh (Tin học văn phòng, Tin học văn phòng (Word, Excel, PowerPoint), Sử dụng CRM)",0.6137,jd_0476
jd_0477,Quản lý dự án (Tiếng Anh Fluent),19,"Nhà / kinh (Quản lý dự án, Phân tích nghiệp vụ, Phân tích yêu cầu)",0.6448,jd_0477
jd_0478,"Nhà phân tích kinh doanh (lãnh đạo, tiếng Anh)",14,"tích / Phân (SQL, Excel, Python)",0.5978,jd_0478
jd_0479,Nhân Viên Kỹ Thuật Triển Khai,5,"IT / Thuật (Hệ điều hành Windows, Phần mềm văn phòng, Mạng máy tính)",0.5406,jd_0479
jd_0480,KỸ SƯ CẦU NỐI BrSE (N2),15,"Developer / Tiếng (Java, Swift, Kotlin)",0.8073,jd_0480
jd_0481,Nhân viên kinh doanh tư vấn du lịch,4,"Kinh / Doanh (Kỹ năng giao tiếp, Kỹ năng đàm phán, Kỹ năng bán hàng)",0.6225,jd_0481
jd_0482,IT Sales,12,"Doanh / Kinh (Tin học văn phòng, Tin học văn phòng (Word, Excel, PowerPoint), Sử dụng CRM)",0.7806,jd_0482
jd_0483,Nhân Viên Phụ Bếp,0,"Kinh / Doanh (Tiếng Anh cơ bản, Sử dụng Execl và word thành thạo, Proficient in English or Chinese, equivalent to 6.5 IELTS or HSK 5)",0.6899,jd_0483
jd_0484,Quản lý dự án / Chủ sở hữu sản phẩm,19,"Nhà / kinh (Quản lý dự án, Phân tích nghiệp vụ, Phân tích yêu cầu)",0.5379,jd_0484
jd_0485,3D Environment UE,13,"3D / Thiết (Photoshop, Unity, Maya)",0.6243,jd_0485
jd_0486,Nhân Viên Kinh Doanh Phần Mềm,12,"Doanh / Kinh (Tin học văn phòng, Tin học văn phòng (Word, Excel, PowerPoint), Sử dụng CRM)",0.5002,jd_0486
jd_0487,Thực Tập Sinh Chăm Sóc Khách Hàng,12,"Doanh / Kinh (Tin học văn phòng, Tin học văn phòng (Word, Excel, PowerPoint), Sử dụng CRM)",0.7103,jd_0487
jd_0488,Kỹ Sư Phát Triển Phần Mềm - Backend Developer,8,"Developer / Nhà (CSS, HTML, JavaScript)",0.444,jd_0488
jd_0489,Điều hành phát triển kinh doanh/ Bán nó (tiếng Anh),16,"triển / kinh (Google Ads, B2B sales, Facebook Ads)",0.7081,jd_0489
jd_0490,Nhân Viên Lập Trình CNC,1,"CNC / Máy (Lập trình CNC, NX, Mastercam)",0.3325,jd_0490
jd_0491,Chuyên Viên Thiết Kế Đồ Họa,3,"Thiết / Kế (Adobe Photoshop, Adobe Illustrator, Illustrator)",0.3891,jd_0491
jd_0492,Designer POD,9,"Thiết / Kế (Photoshop, Illustrator, Figma)",0.4083,jd_0492
jd_0493,Nhân Viên Thiết Kế Hình Ảnh,7,"Thiết / Kế (Quay dựng video, audio editing, voice acting)",0.5542,jd_0493
jd_0494,Trưởng Phòng Kinh Doanh,4,"Kinh / Doanh (Kỹ năng giao tiếp, Kỹ năng đàm phán, Kỹ năng bán hàng)",0.5519,jd_0494
jd_0495,Nhân Viên Designer,7,"Thiết / Kế (Quay dựng video, audio editing, voice acting)",0.5335,jd_0495
jd_0496,Quản lý sản phẩm cao cấp,14,"tích / Phân (SQL, Excel, Python)",0.6193,jd_0496
jd_0497,Chuyên Viên Tối Ưu Vận Hành,19,"Nhà / kinh (Quản lý dự án, Phân tích nghiệp vụ, Phân tích yêu cầu)",0.5859,jd_0497
jd_0498,Chuyên Viên Kinh Doanh Phần Mềm,0,"Kinh / Doanh (Tiếng Anh cơ bản, Sử dụng Execl và word thành thạo, Proficient in English or Chinese, equivalent to 6.5 IELTS or HSK 5)",0.4264,jd_0498
jd_0499,Nhà phân tích kinh doanh,4,"Kinh / Doanh (Kỹ năng giao tiếp, Kỹ năng đàm phán, Kỹ năng bán hàng)",0.6039,jd_0499
jd_0500,Đảm bảo chất lượng (thông thạo tiếng Anh yêu cầu),10,"Tester / Manual (Kiểm thử phần mềm, SQL, Viết Testcase)",0.6901,jd_0500
jd_0501,Lãnh đạo kỹ thuật,2,"Engineer / Developer (Python, Docker, Kubernetes)",0.4404,jd_0501
jd_0502,Chuyên Viên ESG,17,"Hệ / Engineer (Linux, Network, Storage)",0.789,jd_0502
jd_0503,Thiết kế đồ họa,3,"Thiết / Kế (Adobe Photoshop, Adobe Illustrator, Illustrator)",0.3496,jd_0503
jd_0504,Thực Tập Sinh Design,13,"3D / Thiết (Photoshop, Unity, Maya)",0.6475,jd_0504
jd_0505,Lập Trình Viên Backend,2,"Engineer / Developer (Python, Docker, Kubernetes)",0.6343,jd_0505
jd_0506,Devops Engineer,2,"Engineer / Developer (Python, Docker, Kubernetes)",0.5628,jd_0506
jd_0507,Giám đốc phát triển kinh doanh,4,"Kinh / Doanh (Kỹ năng giao tiếp, Kỹ năng đàm phán, Kỹ năng bán hàng)",0.7111,jd_0507
jd_0508,Quy trình đảm bảo chất lượng,18,"Nhà / kinh (Jira, Figma, Confluence)",0.569,jd_0508
jd_0509,Nhân Viên Lập Trình Web (Figma+PHP) - Đi Làm Ngay,8,"Developer / Nhà (CSS, HTML, JavaScript)",0.4058,jd_0509
jd_0510,Nhân Viên Lập Trình Phay CNC,1,"CNC / Máy (Lập trình CNC, NX, Mastercam)",0.6551,jd_0510
jd_0511,ChỉNH SửA Webtoon/ Webtoon Editor - Toàn thời gian,14,"tích / Phân (SQL, Excel, Python)",0.6998,jd_0511
jd_0512,Quản lý dự án & TechLeader,2,"Engineer / Developer (Python, Docker, Kubernetes)",0.5457,jd_0512
jd_0513,Thiết kế đồ họa,9,"Thiết / Kế (Photoshop, Illustrator, Figma)",0.579,jd_0513
jd_0514,Data Science,2,"Engineer / Developer (Python, Docker, Kubernetes)",0.7429,jd_0514
jd_0515,Data Scientist,2,"Engineer / Developer (Python, Docker, Kubernetes)",0.7303,jd_0515
jd_0516,Tư vấn kinh doanh,4,"Kinh / Doanh (Kỹ năng giao tiếp, Kỹ năng đàm phán, Kỹ năng bán hàng)",0.5477,jd_0516
jd_0517,Nhân Viên Thiết Kế Đồ Họa,7,"Thiết / Kế (Quay dựng video, audio editing, voice acting)",0.5898,jd_0517
jd_0518,Nhân Viên Kinh Doanh,12,"Doanh / Kinh (Tin học văn phòng, Tin học văn phòng (Word, Excel, PowerPoint), Sử dụng CRM)",0.5057,jd_0518
jd_0519,Developer (BPM/Camunda),6,"Developer / Java (Java, MySQL, Oracle)",0.5602,jd_0519
jd_0520,Nhân Viên Kinh Doanh Phân Phối,4,"Kinh / Doanh (Kỹ năng giao tiếp, Kỹ năng đàm phán, Kỹ năng bán hàng)",0.4305,jd_0520
jd_0521,Nhân viên kinh doanh tư vấn du lịch,4,"Kinh / Doanh (Kỹ năng giao tiếp, Kỹ năng đàm phán, Kỹ năng bán hàng)",0.6225,jd_0521
jd_0522,Thực Tập Sinh Kinh Doanh,4,"Kinh / Doanh (Kỹ năng giao tiếp, Kỹ năng đàm phán, Kỹ năng bán hàng)",0.526,jd_0522
jd_0523,Kỹ sư blockchain,8,"Developer / Nhà (CSS, HTML, JavaScript)",0.5445,jd_0523
jd_0524,Chuyên Viên Kinh Doanh Phần Mềm,12,"Doanh / Kinh (Tin học văn phòng, Tin học văn phòng (Word, Excel, PowerPoint), Sử dụng CRM)",0.563,jd_0524
jd_0525,Nhân Viên Thiết Kế Bao Bì Mỹ Phẩm,3,"Thiết / Kế (Adobe Photoshop, Adobe Illustrator, Illustrator)",0.351,jd_0525
jd_0526,Sale IT Tiếng Nhật (Hybrid),4,"Kinh / Doanh (Kỹ năng giao tiếp, Kỹ năng đàm phán, Kỹ năng bán hàng)",0.6634,jd_0526
jd_0527,Business Analyst (Giao Tiếp Tiếng Anh),6,"Developer / Java (Java, MySQL, Oracle)",0.579,jd_0527
jd_0528,Giám đốc dự án,19,"Nhà / kinh (Quản lý dự án, Phân tích nghiệp vụ, Phân tích yêu cầu)",0.5887,jd_0528
jd_0529,Nhân Viên Tư Vấn - Network Consultant,5,"IT / Thuật (Hệ điều hành Windows, Phần mềm văn phòng, Mạng máy tính)",0.7612,jd_0529
jd_0530,Nhân Viên Thiết Kế Graphic Designer,3,"Thiết / Kế (Adobe Photoshop, Adobe Illustrator, Illustrator)",0.3291,jd_0530
jd_0531,Lập Trình Nhúng,18,"Nhà / kinh (Jira, Figma, Confluence)",0.6157,jd_0531
jd_0532,Kỹ sư phần mềm,6,"Developer / Java (Java, MySQL, Oracle)",0.656,jd_0532
jd_0533,Nhân Viên Thiết Kế Đồ Hoạ,9,"Thiết / Kế (Photoshop, Illustrator, Figma)",0.5881,jd_0533
jd_0534,Kỹ Thuật IT - Yêu Cầu 2 Năm Kinh Nghiệm,5,"IT / Thuật (Hệ điều hành Windows, Phần mềm văn phòng, Mạng máy tính)",0.6704,jd_0534
jd_0535,Nhân Viên Event Designer,9,"Thiết / Kế (Photoshop, Illustrator, Figma)",0.4176,jd_0535
jd_0536,Chuyên Viên Tư Vấn Tuyển Sinh,4,"Kinh / Doanh (Kỹ năng giao tiếp, Kỹ năng đàm phán, Kỹ năng bán hàng)",0.5842,jd_0536
jd_0537,Nhà thiết kế đồ họa cao cấp,9,"Thiết / Kế (Photoshop, Illustrator, Figma)",0.3109,jd_0537
jd_0538,SAP FICO Consultant,19,"Nhà / kinh (Quản lý dự án, Phân tích nghiệp vụ, Phân tích yêu cầu)",0.7419,jd_0538
jd_0539,Frontend TechLead (tiếng Anh trôi chảy),8,"Developer / Nhà (CSS, HTML, JavaScript)",0.4179,jd_0539
jd_0540,Data Scientist,2,"Engineer / Developer (Python, Docker, Kubernetes)",0.7303,jd_0540
jd_0541,Kỹ sư di động,2,"Engineer / Developer (Python, Docker, Kubernetes)",0.5658,jd_0541
jd_0542,Chủ sở hữu sản phẩm,19,"Nhà / kinh (Quản lý dự án, Phân tích nghiệp vụ, Phân tích yêu cầu)",0.619,jd_0542
jd_0543,Phát triển kinh doanh tươi hơn tiếng hàn,4,"Kinh / Doanh (Kỹ năng giao tiếp, Kỹ năng đàm phán, Kỹ năng bán hàng)",0.9524,jd_0543
jd_0544,Nhân Viên Thiết Kế,3,"Thiết / Kế (Adobe Photoshop, Adobe Illustrator, Illustrator)",0.3105,jd_0544
jd_0545,Kỹ sư mạng & bảo mật,17,"Hệ / Engineer (Linux, Network, Storage)",0.5667,jd_0545
jd_0546,Kỹ Sư Mạng & Bảo Mật Hệ Thống,17,"Hệ / Engineer (Linux, Network, Storage)",0.53,jd_0546
jd_0547,Kỹ Sư Trí Tuệ Nhân Tạo,2,"Engineer / Developer (Python, Docker, Kubernetes)",0.5347,jd_0547
jd_0548,Nhân Viên 2D UI/UX Game Artist,3,"Thiết / Kế (Adobe Photoshop, Adobe Illustrator, Illustrator)",0.4732,jd_0548
jd_0549,Nhà thiết kế đồ họa - 2D (Cơ quan sự kiện MảNG),7,"Thiết / Kế (Quay dựng video, audio editing, voice acting)",0.6752,jd_0549
jd_0550,AI Leader,2,"Engineer / Developer (Python, Docker, Kubernetes)",0.5579,jd_0550
jd_0551,Kỹ Sư Trí Tuệ Nhân Tạo,2,"Engineer / Developer (Python, Docker, Kubernetes)",0.5347,jd_0551
jd_0552,UI Artist,13,"3D / Thiết (Photoshop, Unity, Maya)",0.6119,jd_0552
jd_0553,Nhân Viên Tái Ký Hợp Đồng,12,"Doanh / Kinh (Tin học văn phòng, Tin học văn phòng (Word, Excel, PowerPoint), Sử dụng CRM)",0.5661,jd_0553
jd_0554,Chuyên Viên Phát Triển Khách Hàng Chuỗi,4,"Kinh / Doanh (Kỹ năng giao tiếp, Kỹ năng đàm phán, Kỹ năng bán hàng)",0.4257,jd_0554
jd_0555,Designer,9,"Thiết / Kế (Photoshop, Illustrator, Figma)",0.4189,jd_0555
jd_0556,Kỹ Sư Triển Khai Dự Án,17,"Hệ / Engineer (Linux, Network, Storage)",0.5654,jd_0556
jd_0557,DevOps Engineer,11,"IT / Quản (VMware, Triển khai và vận hành hệ thống VOIP (Asterisk, FreePbx, FreeSWITCH, Kamailio, OpenSIPS, 3CX), Giao thức SIP, RTP, WebRTC, STUN/TURN/ICE, NAT Traversal)",0.6785,jd_0557
jd_0558,Thiết Kế Đồ Họa,9,"Thiết / Kế (Photoshop, Illustrator, Figma)",0.3332,jd_0558
jd_0559,Kỹ Thuật Viên Gia Công Máy CNC (Máy Phay/Máy Tiện),1,"CNC / Máy (Lập trình CNC, NX, Mastercam)",0.498,jd_0559
jd_0560,Họa Viên 3D Kiến Trúc,13,"3D / Thiết (Photoshop, Unity, Maya)",0.5306,jd_0560
jd_0561,Kỹ Thuật Viên Khôi Phục Dữ Liệu Số,11,"IT / Quản (VMware, Triển khai và vận hành hệ thống VOIP (Asterisk, FreePbx, FreeSWITCH, Kamailio, OpenSIPS, 3CX), Giao thức SIP, RTP, WebRTC, STUN/TURN/ICE, NAT Traversal)",0.6626,jd_0561
jd_0562,3D Artist,13,"3D / Thiết (Photoshop, Unity, Maya)",0.6537,jd_0562
jd_0563,Lãnh đạo nhà phát triển Python,6,"Developer / Java (Java, MySQL, Oracle)",0.515,jd_0563
jd_0564,Nhà phát triển Salesforce cao cấp,16,"triển / kinh (Google Ads, B2B sales, Facebook Ads)",0.7752,jd_0564
jd_0565,Nhà phân tích kinh doanh,18,"Nhà / kinh (Jira, Figma, Confluence)",0.7533,jd_0565
jd_0566,QA-QC (Người kiểm tra thủ công),10,"Tester / Manual (Kiểm thử phần mềm, SQL, Viết Testcase)",0.6369,jd_0566
jd_0567,Nhà phân tích kinh doanh,0,"Kinh / Doanh (Tiếng Anh cơ bản, Sử dụng Execl và word thành thạo, Proficient in English or Chinese, equivalent to 6.5 IELTS or HSK 5)",0.5479,jd_0567
jd_0568,Middle Fullstack Java,6,"Developer / Java (Java, MySQL, Oracle)",0.6095,jd_0568
jd_0569,Kỹ Thuật Sửa Máy Tính - Lắp Camera,5,"IT / Thuật (Hệ điều hành Windows, Phần mềm văn phòng, Mạng máy tính)",0.7631,jd_0569
jd_0570,Nhân Viên Kỹ Thuật Sửa Chữa (Phần Cứng),5,"IT / Thuật (Hệ điều hành Windows, Phần mềm văn phòng, Mạng máy tính)",0.7629,jd_0570
jd_0571,Kỹ Sư Nghiên Cứu Thuật Toán,2,"Engineer / Developer (Python, Docker, Kubernetes)",0.5669,jd_0571
jd_0572,Nhân Viên Thiết Kế 2D,3,"Thiết / Kế (Adobe Photoshop, Adobe Illustrator, Illustrator)",0.3388,jd_0572
jd_0573,Phát triển kinh doanh,12,"Doanh / Kinh (Tin học văn phòng, Tin học văn phòng (Word, Excel, PowerPoint), Sử dụng CRM)",0.7343,jd_0573
jd_0574,Kỹ Sư Tư Vấn Giải Pháp,5,"IT / Thuật (Hệ điều hành Windows, Phần mềm văn phòng, Mạng máy tính)",0.8001,jd_0574
jd_0575,Nhân Viên Tư Vấn Website,12,"Doanh / Kinh (Tin học văn phòng, Tin học văn phòng (Word, Excel, PowerPoint), Sử dụng CRM)",0.6337,jd_0575
jd_0576,Nhân Viên Kinh Doanh Phần Mềm,0,"Kinh / Doanh (Tiếng Anh cơ bản, Sử dụng Execl và word thành thạo, Proficient in English or Chinese, equivalent to 6.5 IELTS or HSK 5)",0.457,jd_0576
jd_0577,Kỹ Sư Presale System/ Network/AV Engineer,17,"Hệ / Engineer (Linux, Network, Storage)",0.4243,jd_0577
jd_0578,Nhân Viên Kinh Doanh,12,"Doanh / Kinh (Tin học văn phòng, Tin học văn phòng (Word, Excel, PowerPoint), Sử dụng CRM)",0.5728,jd_0578
jd_0579,Thiết kế đồ họa bán thời gian,9,"Thiết / Kế (Photoshop, Illustrator, Figma)",0.5636,jd_0579
jd_0580,Giám Sát Và Thi Công Triển Khai Hệ Thống,17,"Hệ / Engineer (Linux, Network, Storage)",0.6773,jd_0580
jd_0581,Test Lead,10,"Tester / Manual (Kiểm thử phần mềm, SQL, Viết Testcase)",0.589,jd_0581
jd_0582,Nhân Viên IT Helpdesk,11,"IT / Quản (VMware, Triển khai và vận hành hệ thống VOIP (Asterisk, FreePbx, FreeSWITCH, Kamailio, OpenSIPS, 3CX), Giao thức SIP, RTP, WebRTC, STUN/TURN/ICE, NAT Traversal)",0.6819,jd_0582
jd_0583,Nhà thiết kế/Thiết Kế Slide PowerPoint E-Learning,3,"Thiết / Kế (Adobe Photoshop, Adobe Illustrator, Illustrator)",0.4846,jd_0583
jd_0584,Nhân Viên Tư Vấn Phần Mềm,14,"tích / Phân (SQL, Excel, Python)",0.5748,jd_0584
jd_0585,Trưởng Phòng Thiết Kế,9,"Thiết / Kế (Photoshop, Illustrator, Figma)",0.5014,jd_0585
jd_0586,Nhân Viên Kinh Doanh Phần Mềm,4,"Kinh / Doanh (Kỹ năng giao tiếp, Kỹ năng đàm phán, Kỹ năng bán hàng)",0.4373,jd_0586
jd_0587,"Chuyên Viên Thiết Kế 2D (Mảng Hình In, Thêu...)",13,"3D / Thiết (Photoshop, Unity, Maya)",0.4677,jd_0587
jd_0588,Sales Executive - Nhân Viên Kinh Doanh Phần Mềm,16,"triển / kinh (Google Ads, B2B sales, Facebook Ads)",0.5955,jd_0588
jd_0589,Lập Trình Viên .Net,8,"Developer / Nhà (CSS, HTML, JavaScript)",0.4824,jd_0589
jd_0590,Chuyên Viên Thiết Kế,7,"Thiết / Kế (Quay dựng video, audio editing, voice acting)",0.5595,jd_0590
jd_0591,Project Sales,19,"Nhà / kinh (Quản lý dự án, Phân tích nghiệp vụ, Phân tích yêu cầu)",0.6974,jd_0591
jd_0592,Senior Pentest,2,"Engineer / Developer (Python, Docker, Kubernetes)",0.4738,jd_0592
jd_0593,Nhân Viên Kinh Doanh Phần Mềm,14,"tích / Phân (SQL, Excel, Python)",0.6331,jd_0593
jd_0594,Nhà phân tích kinh doanh dẫn đầu,19,"Nhà / kinh (Quản lý dự án, Phân tích nghiệp vụ, Phân tích yêu cầu)",0.5136,jd_0594
jd_0595,Project Manager,15,"Developer / Tiếng (Java, Swift, Kotlin)",0.5964,jd_0595
jd_0596,Nhân Viên Tư Vấn Thiết Kế Website,12,"Doanh / Kinh (Tin học văn phòng, Tin học văn phòng (Word, Excel, PowerPoint), Sử dụng CRM)",0.6121,jd_0596
jd_0597,Chuyên Viên Lập Trình Mobile,2,"Engineer / Developer (Python, Docker, Kubernetes)",0.5574,jd_0597
jd_0598,SOC Tier 2,17,"Hệ / Engineer (Linux, Network, Storage)",0.643,jd_0598
jd_0599,Nhân Viên Kinh Doanh Phần Mềm,4,"Kinh / Doanh (Kỹ năng giao tiếp, Kỹ năng đàm phán, Kỹ năng bán hàng)",0.7032,jd_0599
jd_0600,2D Concept Artist | Thiết Kế Ý Tưởng (Junior),9,"Thiết / Kế (Photoshop, Illustrator, Figma)",0.5265,jd_0600
jd_0601,Nhân Viên Kinh Doanh Dự Án,12,"Doanh / Kinh (Tin học văn phòng, Tin học văn phòng (Word, Excel, PowerPoint), Sử dụng CRM)",0.6353,jd_0601
jd_0602,Kỹ Sư Cầu Nối Tiếng Nhật Từ N2,15,"Developer / Tiếng (Java, Swift, Kotlin)",0.6707,jd_0602
jd_0603,Quản Lý Kĩ Thuật,5,"IT / Thuật (Hệ điều hành Windows, Phần mềm văn phòng, Mạng máy tính)",0.5557,jd_0603
jd_0604,Nhà lãnh đạo xã hội đầy đủ,18,"Nhà / kinh (Jira, Figma, Confluence)",0.6828,jd_0604
jd_0605,Nhân Viên Lập Trình Và Setup Phay CNC,1,"CNC / Máy (Lập trình CNC, NX, Mastercam)",0.7171,jd_0605
jd_0606,Nhân Viên Devops Engineer,2,"Engineer / Developer (Python, Docker, Kubernetes)",0.4412,jd_0606
jd_0607,Test Lead,10,"Tester / Manual (Kiểm thử phần mềm, SQL, Viết Testcase)",0.588,jd_0607
jd_0608,Giám đốc công nghệ,17,"Hệ / Engineer (Linux, Network, Storage)",0.562,jd_0608
jd_0609,Nhân Viên Kinh Doanh,0,"Kinh / Doanh (Tiếng Anh cơ bản, Sử dụng Execl và word thành thạo, Proficient in English or Chinese, equivalent to 6.5 IELTS or HSK 5)",0.4653,jd_0609
jd_0610,Trưởng Nhóm Lập Trình,8,"Developer / Nhà (CSS, HTML, JavaScript)",0.4064,jd_0610
jd_0611,Phát triển kinh doanh,4,"Kinh / Doanh (Kỹ năng giao tiếp, Kỹ năng đàm phán, Kỹ năng bán hàng)",0.4917,jd_0611
jd_0612,Nhân Viên Kỹ Thuật Máy Tính,5,"IT / Thuật (Hệ điều hành Windows, Phần mềm văn phòng, Mạng máy tính)",0.4413,jd_0612
jd_0613,Nhân Viên Lập Trình Vận Hành Máy Tiện CNC,1,"CNC / Máy (Lập trình CNC, NX, Mastercam)",0.3954,jd_0613
jd_0614,Nhân Viên Thiết Kế Đồ Họa,9,"Thiết / Kế (Photoshop, Illustrator, Figma)",0.3982,jd_0614
jd_0615,PHP cao cấp (tiếng Anh),6,"Developer / Java (Java, MySQL, Oracle)",0.6311,jd_0615
jd_0616,Sư phụ nền 3D,13,"3D / Thiết (Photoshop, Unity, Maya)",0.6451,jd_0616
jd_0617,Nhân Viên Kỹ Thuật (Có Hiểu Biết Về IT),18,"Nhà / kinh (Jira, Figma, Confluence)",0.5615,jd_0617
jd_0618,Người mô hình nhân vật 3D (cách điệu/ thực tế),13,"3D / Thiết (Photoshop, Unity, Maya)",0.5338,jd_0618
jd_0619,Nhân Viên Lập Trình Máy Phay CNC,1,"CNC / Máy (Lập trình CNC, NX, Mastercam)",0.4909,jd_0619
jd_0620,Chuyên Viên Thiết Kế Đa Phương Tiện,9,"Thiết / Kế (Photoshop, Illustrator, Figma)",0.3599,jd_0620
jd_0621,Nhân Viên Thiết Kế,9,"Thiết / Kế (Photoshop, Illustrator, Figma)",0.3769,jd_0621
jd_0622,Mạng đa kênh-Trình quản lý dự án MCN,19,"Nhà / kinh (Quản lý dự án, Phân tích nghiệp vụ, Phân tích yêu cầu)",0.7732,jd_0622
jd_0623,Nhà phát triển ReactJS,8,"Developer / Nhà (CSS, HTML, JavaScript)",0.6699,jd_0623
jd_0624,Chuyên Viên Tư Vấn Online Mảng Tmđt/Fnb,5,"IT / Thuật (Hệ điều hành Windows, Phần mềm văn phòng, Mạng máy tính)",0.8505,jd_0624
jd_0625,Nhân Viên Thiết Kế 2D - 3D,9,"Thiết / Kế (Photoshop, Illustrator, Figma)",0.4028,jd_0625
jd_0626,Senior Java Developer,6,"Developer / Java (Java, MySQL, Oracle)",0.466,jd_0626
jd_0627,Nhân Viên Thiết Kế Đồ Hoạ,3,"Thiết / Kế (Adobe Photoshop, Adobe Illustrator, Illustrator)",0.3776,jd_0627
jd_0628,Nhân Viên Thiết Kế Và Lập Trình Máy CNC,1,"CNC / Máy (Lập trình CNC, NX, Mastercam)",0.5083,jd_0628
jd_0629,Trưởng Nhóm Lập Trình CNC (Máy Phay - Tiện),1,"CNC / Máy (Lập trình CNC, NX, Mastercam)",0.4164,jd_0629
jd_0630,Chuyên Gia Quản Trị Rủi Ro Công Nghệ Thông Tin,14,"tích / Phân (SQL, Excel, Python)",0.7114,jd_0630
jd_0631,Nhà thiết kế Hình thu nhỏ YouTube,9,"Thiết / Kế (Photoshop, Illustrator, Figma)",0.4883,jd_0631
jd_0632,DevOps Engineer,2,"Engineer / Developer (Python, Docker, Kubernetes)",0.488,jd_0632
jd_0633,Infrastructure Architecture Expert,17,"Hệ / Engineer (Linux, Network, Storage)",0.4471,jd_0633
jd_0634,Nhân Viên Giám Sát Camera,17,"Hệ / Engineer (Linux, Network, Storage)",0.647,jd_0634
jd_0635,Thiết Kế Tạo Dáng Sản Phẩm,9,"Thiết / Kế (Photoshop, Illustrator, Figma)",0.5686,jd_0635
jd_0636,Nhà phát triển Android cao cấp (MINI CTO),2,"Engineer / Developer (Python, Docker, Kubernetes)",0.5614,jd_0636
jd_0637,Nhân Viên Văn Phòng,14,"tích / Phân (SQL, Excel, Python)",0.6155,jd_0637
jd_0638,Nhân Viên Kế Hoạch Kinh Doanh,14,"tích / Phân (SQL, Excel, Python)",0.6887,jd_0638
jd_0639,Fullstack Team Leader (JS),8,"Developer / Nhà (CSS, HTML, JavaScript)",0.5268,jd_0639
jd_0640,Sales Leader,4,"Kinh / Doanh (Kỹ năng giao tiếp, Kỹ năng đàm phán, Kỹ năng bán hàng)",0.584,jd_0640
jd_0641,Game Designer,9,"Thiết / Kế (Photoshop, Illustrator, Figma)",0.5856,jd_0641
jd_0642,Nhân Viên Thiết Kế,7,"Thiết / Kế (Quay dựng video, audio editing, voice acting)",0.4852,jd_0642
jd_0643,Quản lý tài khoản,0,"Kinh / Doanh (Tiếng Anh cơ bản, Sử dụng Execl và word thành thạo, Proficient in English or Chinese, equivalent to 6.5 IELTS or HSK 5)",0.8301,jd_0643
jd_0644,Nhân Viên Thiết Kế Đồ Họa,7,"Thiết / Kế (Quay dựng video, audio editing, voice acting)",0.477,jd_0644
jd_0645,Nhân Viên Quản Trị Mạng,8,"Developer / Nhà (CSS, HTML, JavaScript)",0.5855,jd_0645
jd_0646,Nhân Viên Thiết Kế Đồ Họa,7,"Thiết / Kế (Quay dựng video, audio editing, voice acting)",0.5285,jd_0646
jd_0647,Nó lãnh đạo hoạt động,11,"IT / Quản (VMware, Triển khai và vận hành hệ thống VOIP (Asterisk, FreePbx, FreeSWITCH, Kamailio, OpenSIPS, 3CX), Giao thức SIP, RTP, WebRTC, STUN/TURN/ICE, NAT Traversal)",0.66,jd_0647
jd_0648,Nhân Viên Kinh Doanh Phần Mềm,19,"Nhà / kinh (Quản lý dự án, Phân tích nghiệp vụ, Phân tích yêu cầu)",0.6859,jd_0648
jd_0649,Thiết kế đồ họa,9,"Thiết / Kế (Photoshop, Illustrator, Figma)",0.4888,jd_0649
jd_0650,Nhân Viên Marketing (Sales Phần Mềm),14,"tích / Phân (SQL, Excel, Python)",0.6299,jd_0650
jd_0651,Chuyên Viên Thiết Kế,3,"Thiết / Kế (Adobe Photoshop, Adobe Illustrator, Illustrator)",0.3163,jd_0651
jd_0652,Kỹ sư triển khai OIG/OIM,6,"Developer / Java (Java, MySQL, Oracle)",0.6802,jd_0652
jd_0653,Game Animator,13,"3D / Thiết (Photoshop, Unity, Maya)",0.7572,jd_0653
jd_0654,Nhân Viên Kinh Doanh Phần Mềm,12,"Doanh / Kinh (Tin học văn phòng, Tin học văn phòng (Word, Excel, PowerPoint), Sử dụng CRM)",0.4715,jd_0654
jd_0655,Lãnh đạo kỹ thuật,6,"Developer / Java (Java, MySQL, Oracle)",0.3811,jd_0655
jd_0656,Nhà thiết kế đồ họa Junior,9,"Thiết / Kế (Photoshop, Illustrator, Figma)",0.5146,jd_0656
jd_0657,Sale Executive - Mảng Phần Mềm,18,"Nhà / kinh (Jira, Figma, Confluence)",0.5669,jd_0657
jd_0658,Chuyên Gia Vận Hành Nền Tảng Dữ Liệu (Data Platform Operation),19,"Nhà / kinh (Quản lý dự án, Phân tích nghiệp vụ, Phân tích yêu cầu)",0.6522,jd_0658
jd_0659,Chuyên Viên Vận Hành Nền Tảng Dữ Liệu (DBA),11,"IT / Quản (VMware, Triển khai và vận hành hệ thống VOIP (Asterisk, FreePbx, FreeSWITCH, Kamailio, OpenSIPS, 3CX), Giao thức SIP, RTP, WebRTC, STUN/TURN/ICE, NAT Traversal)",0.6017,jd_0659
jd_0660,Trình quản lý tài khoản CNTT,12,"Doanh / Kinh (Tin học văn phòng, Tin học văn phòng (Word, Excel, PowerPoint), Sử dụng CRM)",0.7563,jd_0660
jd_0661,Chủ sở hữu sản phẩm,19,"Nhà / kinh (Quản lý dự án, Phân tích nghiệp vụ, Phân tích yêu cầu)",0.6388,jd_0661
jd_0662,Tư vấn bán hàng phần mềm,4,"Kinh / Doanh (Kỹ năng giao tiếp, Kỹ năng đàm phán, Kỹ năng bán hàng)",0.4923,jd_0662
jd_0663,Chuyên Viên Thiết Kế Slide/ Designer(Sẵn Nội Dung),3,"Thiết / Kế (Adobe Photoshop, Adobe Illustrator, Illustrator)",0.4691,jd_0663
jd_0664,Kỹ sư iOS cao cấp,15,"Developer / Tiếng (Java, Swift, Kotlin)",0.6945,jd_0664
jd_0665,Nhân Viên Thiết Kế,7,"Thiết / Kế (Quay dựng video, audio editing, voice acting)",0.5067,jd_0665
jd_0666,Thực Tập Sinh Tư Vấn Triển Khai Phần Mềm,8,"Developer / Nhà (CSS, HTML, JavaScript)",0.4763,jd_0666
jd_0667,"Chuyên Viên Hệ Thống ERP, Dingtalk",18,"Nhà / kinh (Jira, Figma, Confluence)",0.6351,jd_0667
jd_0668,Intern/Junior QC (Tiếng Nhật),10,"Tester / Manual (Kiểm thử phần mềm, SQL, Viết Testcase)",0.7168,jd_0668
jd_0669,Middle BA,14,"tích / Phân (SQL, Excel, Python)",0.7541,jd_0669
jd_0670,Nhân Viên Thiết Kế,3,"Thiết / Kế (Adobe Photoshop, Adobe Illustrator, Illustrator)",0.3408,jd_0670
jd_0671,Autosar - Kỹ sư phần mềm nhúng,2,"Engineer / Developer (Python, Docker, Kubernetes)",0.5072,jd_0671
jd_0672,Chuyên Viên Vẽ Minh Họa (Character/Pattern),13,"3D / Thiết (Photoshop, Unity, Maya)",0.6094,jd_0672
jd_0673,Chuyên Viên Thiết Kế Thương Hiệu (BRAND DESIGN),9,"Thiết / Kế (Photoshop, Illustrator, Figma)",0.5062,jd_0673
jd_0674,Nhân Viên Thiết Kế,9,"Thiết / Kế (Photoshop, Illustrator, Figma)",0.3612,jd_0674
jd_0675,Nhân Viên Kinh Doanh,12,"Doanh / Kinh (Tin học văn phòng, Tin học văn phòng (Word, Excel, PowerPoint), Sử dụng CRM)",0.4735,jd_0675
jd_0676,Nhân Viên Kinh Doanh,4,"Kinh / Doanh (Kỹ năng giao tiếp, Kỹ năng đàm phán, Kỹ năng bán hàng)",0.4102,jd_0676
jd_0677,Trưởng Phòng Giải Pháp Công Nghệ Thông Tin,19,"Nhà / kinh (Quản lý dự án, Phân tích nghiệp vụ, Phân tích yêu cầu)",0.7069,jd_0677
jd_0678,Nhân Viên Kinh Doanh Dự Án,5,"IT / Thuật (Hệ điều hành Windows, Phần mềm văn phòng, Mạng máy tính)",0.6149,jd_0678
jd_0679,Nhà phát triển động cơ không thực,2,"Engineer / Developer (Python, Docker, Kubernetes)",0.6788,jd_0679
jd_0680,Nhân Viên Kinh Doanh -GLOBAL SALES,4,"Kinh / Doanh (Kỹ năng giao tiếp, Kỹ năng đàm phán, Kỹ năng bán hàng)",0.6145,jd_0680
jd_0681,Kỹ Sư Khoa Học Dữ Liệu Không Gian,2,"Engineer / Developer (Python, Docker, Kubernetes)",0.5637,jd_0681
jd_0682,Trưởng Nhóm Thiết Kế,9,"Thiết / Kế (Photoshop, Illustrator, Figma)",0.4569,jd_0682
jd_0683,Embedded Systems Developer,2,"Engineer / Developer (Python, Docker, Kubernetes)",0.555,jd_0683
jd_0684,Chuyên Viên Kinh Doanh Mạng Lưới Đối Tác,19,"Nhà / kinh (Quản lý dự án, Phân tích nghiệp vụ, Phân tích yêu cầu)",0.5916,jd_0684
jd_0685,Kỹ sư MLOPS,2,"Engineer / Developer (Python, Docker, Kubernetes)",0.5356,jd_0685
jd_0686,DE cao cấp,6,"Developer / Java (Java, MySQL, Oracle)",0.5039,jd_0686
jd_0687,Chuyên Viên Kiểm Thử,18,"Nhà / kinh (Jira, Figma, Confluence)",0.7004,jd_0687
jd_0688,Chuyên Viên Đánh Giá An Toàn Bảo Mật,5,"IT / Thuật (Hệ điều hành Windows, Phần mềm văn phòng, Mạng máy tính)",0.8313,jd_0688
jd_0689,Design & Media Marketing,9,"Thiết / Kế (Photoshop, Illustrator, Figma)",0.471,jd_0689
jd_0690,Quy trình đảm bảo chất lượng,19,"Nhà / kinh (Quản lý dự án, Phân tích nghiệp vụ, Phân tích yêu cầu)",0.5866,jd_0690
jd_0691,Lập Trình Viên (Tiếng Trung),8,"Developer / Nhà (CSS, HTML, JavaScript)",0.5997,jd_0691
jd_0692,System Integration Engineer (Storage),17,"Hệ / Engineer (Linux, Network, Storage)",0.442,jd_0692
jd_0693,Nhân Viên Chỉnh Sửa Hình Ảnh Nội Thất,13,"3D / Thiết (Photoshop, Unity, Maya)",0.7701,jd_0693
jd_0694,Chuyên gia giải pháp hệ thống cao cấp,8,"Developer / Nhà (CSS, HTML, JavaScript)",0.4982,jd_0694
jd_0695,Nhà thiết kế đồ họa Junior,7,"Thiết / Kế (Quay dựng video, audio editing, voice acting)",0.6466,jd_0695
jd_0696,Nhân Viên Tin Học,5,"IT / Thuật (Hệ điều hành Windows, Phần mềm văn phòng, Mạng máy tính)",0.4399,jd_0696
jd_0697,Nhân Viên Thiết Kế,9,"Thiết / Kế (Photoshop, Illustrator, Figma)",0.5203,jd_0697
jd_0698,Chuyên Viên Kiến Trúc Ứng Dụng - Khối Công Nghệ,5,"IT / Thuật (Hệ điều hành Windows, Phần mềm văn phòng, Mạng máy tính)",0.6015,jd_0698
jd_0699,Kỹ sư mạng L2 (nói tiếng Nhật),17,"Hệ / Engineer (Linux, Network, Storage)",0.537,jd_0699
jd_0700,Kỹ sư hệ thống cao cấp (Alibaba Cloud),11,"IT / Quản (VMware, Triển khai và vận hành hệ thống VOIP (Asterisk, FreePbx, FreeSWITCH, Kamailio, OpenSIPS, 3CX), Giao thức SIP, RTP, WebRTC, STUN/TURN/ICE, NAT Traversal)",0.6261,jd_0700
jd_0701,Chủ sở hữu sản phẩm,19,"Nhà / kinh (Quản lý dự án, Phân tích nghiệp vụ, Phân tích yêu cầu)",0.707,jd_0701
jd_0702,Kiến trúc sư web,11,"IT / Quản (VMware, Triển khai và vận hành hệ thống VOIP (Asterisk, FreePbx, FreeSWITCH, Kamailio, OpenSIPS, 3CX), Giao thức SIP, RTP, WebRTC, STUN/TURN/ICE, NAT Traversal)",0.6701,jd_0702
jd_0703,CVCC Quản Trị Hệ Thống (Nhân Sự),18,"Nhà / kinh (Jira, Figma, Confluence)",0.73,jd_0703
jd_0704,Chuyên gia quản lý SOC,5,"IT / Thuật (Hệ điều hành Windows, Phần mềm văn phòng, Mạng máy tính)",0.7007,jd_0704
jd_0705,Chuyên Viên Sale,12,"Doanh / Kinh (Tin học văn phòng, Tin học văn phòng (Word, Excel, PowerPoint), Sử dụng CRM)",0.742,jd_0705
jd_0706,Chuyên Viên Kinh Doanh GPPM Công Nghệ Số,12,"Doanh / Kinh (Tin học văn phòng, Tin học văn phòng (Word, Excel, PowerPoint), Sử dụng CRM)",0.8015,jd_0706
jd_0707,Nhân Viên Tư Vấn Website,5,"IT / Thuật (Hệ điều hành Windows, Phần mềm văn phòng, Mạng máy tính)",0.5956,jd_0707
jd_0708,Android (Java/Kotlin) Engineer,15,"Developer / Tiếng (Java, Swift, Kotlin)",0.6624,jd_0708
jd_0709,Video Editor 2D Animation (Hoạt Hình Trẻ Em),13,"3D / Thiết (Photoshop, Unity, Maya)",0.7704,jd_0709
jd_0710,Kỹ Sư Cơ Khí,18,"Nhà / kinh (Jira, Figma, Confluence)",0.5755,jd_0710
jd_0711,Chief Technology Officer ( Ứng Dụng SAAS),6,"Developer / Java (Java, MySQL, Oracle)",0.6546,jd_0711
jd_0712,Nhân Viên Kinh Doanh Phân Phối Máy Tính,12,"Doanh / Kinh (Tin học văn phòng, Tin học văn phòng (Word, Excel, PowerPoint), Sử dụng CRM)",0.6638,jd_0712
jd_0713,Agile Coach,19,"Nhà / kinh (Quản lý dự án, Phân tích nghiệp vụ, Phân tích yêu cầu)",0.8606,jd_0713
jd_0714,Kỹ sư Linux nhúng,17,"Hệ / Engineer (Linux, Network, Storage)",0.6443,jd_0714
jd_0715,Kỹ sư mạng cao cấp,5,"IT / Thuật (Hệ điều hành Windows, Phần mềm văn phòng, Mạng máy tính)",0.6024,jd_0715
jd_0716,Kỹ Sư Lập Trình Hệ Thống Điều Khiển Chiếu Sáng,18,"Nhà / kinh (Jira, Figma, Confluence)",0.7093,jd_0716
jd_0717,Trưởng Phòng Phát Triển Mobile App(Banking Domain),15,"Developer / Tiếng (Java, Swift, Kotlin)",0.5674,jd_0717
jd_0718,Phát triển kinh doanh cao cấp,4,"Kinh / Doanh (Kỹ năng giao tiếp, Kỹ năng đàm phán, Kỹ năng bán hàng)",0.8072,jd_0718
jd_0719,Học tập củng cố,18,"Nhà / kinh (Jira, Figma, Confluence)",0.6882,jd_0719
jd_0720,Nhân Viên Thiết Kế,9,"Thiết / Kế (Photoshop, Illustrator, Figma)",0.5029,jd_0720
jd_0721,Phát triển kinh doanh cao cấp,17,"Hệ / Engineer (Linux, Network, Storage)",0.4856,jd_0721
jd_0722,Phát triển kinh doanh Junior,17,"Hệ / Engineer (Linux, Network, Storage)",0.7745,jd_0722
jd_0723,Kỹ Sư Quản Trị & Vận Hành Hệ Thống OpenStack,2,"Engineer / Developer (Python, Docker, Kubernetes)",0.5916,jd_0723
jd_0724,Trưởng dự án CNTT/BRSE - N2 Nhật Bản,15,"Developer / Tiếng (Java, Swift, Kotlin)",0.638,jd_0724
jd_0725,Thiết kế đồ họa,13,"3D / Thiết (Photoshop, Unity, Maya)",0.498,jd_0725
jd_0726,Kỹ Sư Quản Trị & Vận Hành Hệ Thống OpenStack,2,"Engineer / Developer (Python, Docker, Kubernetes)",0.6299,jd_0726
jd_0727,Giám đốc phát triển kinh doanh,16,"triển / kinh (Google Ads, B2B sales, Facebook Ads)",0.5807,jd_0727
jd_0728,Trưởng Nhóm Tester,10,"Tester / Manual (Kiểm thử phần mềm, SQL, Viết Testcase)",0.4794,jd_0728
jd_0729,Thực Tập Sinh Tư Vấn Phát Triển Website,5,"IT / Thuật (Hệ điều hành Windows, Phần mềm văn phòng, Mạng máy tính)",0.6509,jd_0729
jd_0730,Video Editor,9,"Thiết / Kế (Photoshop, Illustrator, Figma)",0.5432,jd_0730
jd_0731,Kỹ sư giải pháp,5,"IT / Thuật (Hệ điều hành Windows, Phần mềm văn phòng, Mạng máy tính)",0.5875,jd_0731
jd_0732,Kỹ sư bảo mật mạng,17,"Hệ / Engineer (Linux, Network, Storage)",0.4301,jd_0732
jd_0733,Trình chỉnh sửa tài liệu E-Learning (Sản phẩm phần mềm),7,"Thiết / Kế (Quay dựng video, audio editing, voice acting)",0.7751,jd_0733
jd_0734,Kiến trúc sư dữ liệu cao cấp,14,"tích / Phân (SQL, Excel, Python)",0.5506,jd_0734
jd_0735,Nhà phân tích hệ thống dữ liệu cao cấp,6,"Developer / Java (Java, MySQL, Oracle)",0.5133,jd_0735
jd_0736,DevSecOps Engineer,2,"Engineer / Developer (Python, Docker, Kubernetes)",0.4593,jd_0736
jd_0737,Nhân Viên Thiết Kế,3,"Thiết / Kế (Adobe Photoshop, Adobe Illustrator, Illustrator)",0.3408,jd_0737
jd_0738,"Tester Tiếng Nhật (N2, Không Yêu Cầu Kinh Nghiệm)",15,"Developer / Tiếng (Java, Swift, Kotlin)",0.9326,jd_0738
jd_0739,Chuyên Gia Kiểm Thử Xâm Nhập ANTT (Pentest),10,"Tester / Manual (Kiểm thử phần mềm, SQL, Viết Testcase)",0.7814,jd_0739
jd_0740,Trưởng Nhóm Giải Pháp CNTT,19,"Nhà / kinh (Quản lý dự án, Phân tích nghiệp vụ, Phân tích yêu cầu)",0.5424,jd_0740
jd_0741,Thực Tập Sinh Thiết Kế Đồ Họa,9,"Thiết / Kế (Photoshop, Illustrator, Figma)",0.3786,jd_0741
jd_0742,Kỹ sư nhúng DSP âm thanh,11,"IT / Quản (VMware, Triển khai và vận hành hệ thống VOIP (Asterisk, FreePbx, FreeSWITCH, Kamailio, OpenSIPS, 3CX), Giao thức SIP, RTP, WebRTC, STUN/TURN/ICE, NAT Traversal)",0.7092,jd_0742
jd_0743,Design Leader,7,"Thiết / Kế (Quay dựng video, audio editing, voice acting)",0.5817,jd_0743
jd_0744,DevOps Engineer,2,"Engineer / Developer (Python, Docker, Kubernetes)",0.3931,jd_0744
jd_0745,Lãnh đạo kỹ thuật (BPM),11,"IT / Quản (VMware, Triển khai và vận hành hệ thống VOIP (Asterisk, FreePbx, FreeSWITCH, Kamailio, OpenSIPS, 3CX), Giao thức SIP, RTP, WebRTC, STUN/TURN/ICE, NAT Traversal)",0.6021,jd_0745
jd_0746,Kỹ sư Linux nhúng,17,"Hệ / Engineer (Linux, Network, Storage)",0.5898,jd_0746
jd_0747,Data Scientist Expert,2,"Engineer / Developer (Python, Docker, Kubernetes)",0.5032,jd_0747
jd_0748,Nhân Viên Lập Trình & Vận Hành Máy Phay,1,"CNC / Máy (Lập trình CNC, NX, Mastercam)",0.5244,jd_0748
jd_0749,Trưởng Nhóm IT,5,"IT / Thuật (Hệ điều hành Windows, Phần mềm văn phòng, Mạng máy tính)",0.4922,jd_0749
jd_0750,Nhân Viên Thiết Kế 2D/3D,9,"Thiết / Kế (Photoshop, Illustrator, Figma)",0.4411,jd_0750
jd_0751,Nhân Viên Thiết Kế/ Graphic Designer,3,"Thiết / Kế (Adobe Photoshop, Adobe Illustrator, Illustrator)",0.3523,jd_0751
jd_0752,Nhân Viên Kinh Doanh,12,"Doanh / Kinh (Tin học văn phòng, Tin học văn phòng (Word, Excel, PowerPoint), Sử dụng CRM)",0.5083,jd_0752
jd_0753,Nhân Viên Kiểm Soát (Unity/Godot/Unreal),5,"IT / Thuật (Hệ điều hành Windows, Phần mềm văn phòng, Mạng máy tính)",0.7779,jd_0753
jd_0754,Nhân Viên Kinh Doanh,12,"Doanh / Kinh (Tin học văn phòng, Tin học văn phòng (Word, Excel, PowerPoint), Sử dụng CRM)",0.5083,jd_0754
jd_0755,Nhân Viên Kiểm Soát (Unity/Godot/Unreal),18,"Nhà / kinh (Jira, Figma, Confluence)",0.6866,jd_0755
jd_0756,Thực Tập Sinh Kinh Doanh,0,"Kinh / Doanh (Tiếng Anh cơ bản, Sử dụng Execl và word thành thạo, Proficient in English or Chinese, equivalent to 6.5 IELTS or HSK 5)",0.5597,jd_0756
jd_0757,Nhân Viên Media,13,"3D / Thiết (Photoshop, Unity, Maya)",0.677,jd_0757
jd_0758,Nhân Viên Thiết Kế,9,"Thiết / Kế (Photoshop, Illustrator, Figma)",0.3769,jd_0758
jd_0759,Nhân Viên Tư Vấn Phần Mềm,0,"Kinh / Doanh (Tiếng Anh cơ bản, Sử dụng Execl và word thành thạo, Proficient in English or Chinese, equivalent to 6.5 IELTS or HSK 5)",0.6444,jd_0759
jd_0760,Nhân Viên Designer/Thiết Kế Ấn Phẩm,3,"Thiết / Kế (Adobe Photoshop, Adobe Illustrator, Illustrator)",0.2763,jd_0760
jd_0761,Chuyên Viên Kinh Doanh Phần Mềm Quản Lý Bán Hàng,12,"Doanh / Kinh (Tin học văn phòng, Tin học văn phòng (Word, Excel, PowerPoint), Sử dụng CRM)",0.5174,jd_0761
jd_0762,Network Engineer,11,"IT / Quản (VMware, Triển khai và vận hành hệ thống VOIP (Asterisk, FreePbx, FreeSWITCH, Kamailio, OpenSIPS, 3CX), Giao thức SIP, RTP, WebRTC, STUN/TURN/ICE, NAT Traversal)",0.7212,jd_0762
jd_0763,Designer + Editor,9,"Thiết / Kế (Photoshop, Illustrator, Figma)",0.4417,jd_0763
jd_0764,Thiết kế đồ họa cao cấp,9,"Thiết / Kế (Photoshop, Illustrator, Figma)",0.397,jd_0764
jd_0765,UX Writer,18,"Nhà / kinh (Jira, Figma, Confluence)",0.7514,jd_0765
jd_0766,Nhân Viên Media (Thiết Kế&Quay Dựng Video),13,"3D / Thiết (Photoshop, Unity, Maya)",0.5494,jd_0766
jd_0767,Tư Vấn Phần Mềm Qua Điện Thoại (Cung Cấp Data),0,"Kinh / Doanh (Tiếng Anh cơ bản, Sử dụng Execl và word thành thạo, Proficient in English or Chinese, equivalent to 6.5 IELTS or HSK 5)",0.995,jd_0767
jd_0768,Thiết kế đồ họa thực tập,9,"Thiết / Kế (Photoshop, Illustrator, Figma)",0.3949,jd_0768
jd_0769,Thiết Kế Đồ Họa - Graphic Designer,3,"Thiết / Kế (Adobe Photoshop, Adobe Illustrator, Illustrator)",0.2797,jd_0769
jd_0770,Nhà thiết kế đồ họa cao cấp,3,"Thiết / Kế (Adobe Photoshop, Adobe Illustrator, Illustrator)",0.3183,jd_0770
jd_0771,Trưởng Nhóm Bảo Trì Điện PLC,17,"Hệ / Engineer (Linux, Network, Storage)",0.6513,jd_0771
jd_0772,Trưởng phòng giải pháp Achitect,6,"Developer / Java (Java, MySQL, Oracle)",0.4264,jd_0772
jd_0773,Trình quản lý dịch vụ CNTT,5,"IT / Thuật (Hệ điều hành Windows, Phần mềm văn phòng, Mạng máy tính)",0.7662,jd_0773
jd_0774,Chuyên Viên Thiết Kế Đồ Họa,9,"Thiết / Kế (Photoshop, Illustrator, Figma)",0.3732,jd_0774
jd_0775,Trưởng Phòng IT Odoo,2,"Engineer / Developer (Python, Docker, Kubernetes)",0.6174,jd_0775
jd_0776,Chuyên Viên Kinh Doanh,0,"Kinh / Doanh (Tiếng Anh cơ bản, Sử dụng Execl và word thành thạo, Proficient in English or Chinese, equivalent to 6.5 IELTS or HSK 5)",0.5081,jd_0776
jd_0777,Thiết kế đồ họa,3,"Thiết / Kế (Adobe Photoshop, Adobe Illustrator, Illustrator)",0.3496,jd_0777
jd_0778,Kiến trúc sư giải pháp,8,"Developer / Nhà (CSS, HTML, JavaScript)",0.534,jd_0778
jd_0779,Thiết Kế Web,9,"Thiết / Kế (Photoshop, Illustrator, Figma)",0.4625,jd_0779
jd_0780,Nhân Viên Thiết Kế Quảng Cáo,18,"Nhà / kinh (Jira, Figma, Confluence)",0.5279,jd_0780
jd_0781,Thiết Kế 3D - 3D Visualizer,13,"3D / Thiết (Photoshop, Unity, Maya)",0.4907,jd_0781
jd_0782,Thiết kế đồ họa,13,"3D / Thiết (Photoshop, Unity, Maya)",0.4772,jd_0782
jd_0783,"Nhà phân tích kinh doanh (Gov, Senior)",19,"Nhà / kinh (Quản lý dự án, Phân tích nghiệp vụ, Phân tích yêu cầu)",0.5529,jd_0783
jd_0784,Thiết kế đồ họa,3,"Thiết / Kế (Adobe Photoshop, Adobe Illustrator, Illustrator)",0.4133,jd_0784
jd_0785,Thiết Kế Đồ Họa - Graphic Designer,9,"Thiết / Kế (Photoshop, Illustrator, Figma)",0.3874,jd_0785
jd_0786,LiveOps gd,14,"tích / Phân (SQL, Excel, Python)",0.5803,jd_0786
jd_0787,Nhân Viên Thiết Kế Giày (3D Designer),9,"Thiết / Kế (Photoshop, Illustrator, Figma)",0.4546,jd_0787
jd_0788,Trợ Lý Chủ Tịch,18,"Nhà / kinh (Jira, Figma, Confluence)",0.6075,jd_0788
jd_0789,Nhân Viên Kinh Doanh (Mảng Phần Mềm),0,"Kinh / Doanh (Tiếng Anh cơ bản, Sử dụng Execl và word thành thạo, Proficient in English or Chinese, equivalent to 6.5 IELTS or HSK 5)",0.4515,jd_0789
jd_0790,Trưởng Nhóm Bảo Trì Điện PLC (Nhà Máy),17,"Hệ / Engineer (Linux, Network, Storage)",0.6498,jd_0790
jd_0791,Thiết kế đồ họa xã hội,3,"Thiết / Kế (Adobe Photoshop, Adobe Illustrator, Illustrator)",0.497,jd_0791
jd_0792,Nhân Viên Kinh Doanh Phần Mềm (B2B),12,"Doanh / Kinh (Tin học văn phòng, Tin học văn phòng (Word, Excel, PowerPoint), Sử dụng CRM)",0.6333,jd_0792
jd_0793,UI/UX Manager,7,"Thiết / Kế (Quay dựng video, audio editing, voice acting)",0.7874,jd_0793
jd_0794,2D Artis Game Mobile,13,"3D / Thiết (Photoshop, Unity, Maya)",0.6039,jd_0794
jd_0795,Kiến trúc sư giải pháp (Nhật Bản N3+),6,"Developer / Java (Java, MySQL, Oracle)",0.5862,jd_0795
jd_0796,Salesforce Expert,8,"Developer / Nhà (CSS, HTML, JavaScript)",0.632,jd_0796
jd_0797,Công nghệ dẫn đầu Java,11,"IT / Quản (VMware, Triển khai và vận hành hệ thống VOIP (Asterisk, FreePbx, FreeSWITCH, Kamailio, OpenSIPS, 3CX), Giao thức SIP, RTP, WebRTC, STUN/TURN/ICE, NAT Traversal)",0.5523,jd_0797
jd_0798,AI Consultant (Automotive Domain),19,"Nhà / kinh (Quản lý dự án, Phân tích nghiệp vụ, Phân tích yêu cầu)",0.7001,jd_0798
jd_0799,Thực Tập Sinh Designer,9,"Thiết / Kế (Photoshop, Illustrator, Figma)",0.5293,jd_0799
jd_0800,Kỹ Sư Lập Trình Đứng Máy Phay CNC,1,"CNC / Máy (Lập trình CNC, NX, Mastercam)",0.4214,jd_0800
jd_0801,Kỹ Sư Giải Pháp Công Nghệ Thông Tin - Bảo Mật,17,"Hệ / Engineer (Linux, Network, Storage)",0.5894,jd_0801
jd_0802,Nhân Viên Thiết Kế Đồ Họa,18,"Nhà / kinh (Jira, Figma, Confluence)",0.6298,jd_0802
jd_0803,UI/UX Design Intern,7,"Thiết / Kế (Quay dựng video, audio editing, voice acting)",0.9774,jd_0803
jd_0804,Nhân Viên Hỗ Trợ Phần Mềm,14,"tích / Phân (SQL, Excel, Python)",0.65,jd_0804
jd_0805,Kỹ Thuật Viên Lập Trình & Vận Hành Máy CNC,1,"CNC / Máy (Lập trình CNC, NX, Mastercam)",0.4531,jd_0805
jd_0806,Hỗ trợ ứng dụng SAP (FICO) - Nói tiếng Pháp,16,"triển / kinh (Google Ads, B2B sales, Facebook Ads)",0.8219,jd_0806
jd_0807,Thiết kế đồ họa,9,"Thiết / Kế (Photoshop, Illustrator, Figma)",0.5516,jd_0807
jd_0808,Network Engineer,17,"Hệ / Engineer (Linux, Network, Storage)",0.6051,jd_0808
jd_0809,Chuyên Viên Thiết Kế,3,"Thiết / Kế (Adobe Photoshop, Adobe Illustrator, Illustrator)",0.4028,jd_0809
jd_0810,Chủ sở hữu sản phẩm,19,"Nhà / kinh (Quản lý dự án, Phân tích nghiệp vụ, Phân tích yêu cầu)",0.5599,jd_0810
jd_0811,Chuyên Viên Kinh Doanh Dự Án,17,"Hệ / Engineer (Linux, Network, Storage)",0.624,jd_0811
jd_0812,VFX Artist,13,"3D / Thiết (Photoshop, Unity, Maya)",0.5669,jd_0812
jd_0813,Nghệ sĩ đồ họa 2D (Tiếp thị),9,"Thiết / Kế (Photoshop, Illustrator, Figma)",0.4146,jd_0813
jd_0814,Nhân Viên Marketing Designer,3,"Thiết / Kế (Adobe Photoshop, Adobe Illustrator, Illustrator)",0.4973,jd_0814
jd_0815,Nhà phát triển phụ trợ cao cấp (NestJS / Fastapi),2,"Engineer / Developer (Python, Docker, Kubernetes)",0.52,jd_0815
jd_0816,Kỹ Sư Mạng Trung Tâm Dữ Liệu (DC Network Engineer),11,"IT / Quản (VMware, Triển khai và vận hành hệ thống VOIP (Asterisk, FreePbx, FreeSWITCH, Kamailio, OpenSIPS, 3CX), Giao thức SIP, RTP, WebRTC, STUN/TURN/ICE, NAT Traversal)",0.7851,jd_0816
jd_0817,Kiến trúc sư giải pháp,6,"Developer / Java (Java, MySQL, Oracle)",0.5677,jd_0817
jd_0818,Tech Lead Flutter,18,"Nhà / kinh (Jira, Figma, Confluence)",0.65,jd_0818
jd_0819,Nhân Viên Kinh Doanh/ Consultant Executive,12,"Doanh / Kinh (Tin học văn phòng, Tin học văn phòng (Word, Excel, PowerPoint), Sử dụng CRM)",0.5754,jd_0819
jd_0820,Nhân Viên Idea Creator,16,"triển / kinh (Google Ads, B2B sales, Facebook Ads)",0.7649,jd_0820
jd_0821,Designer,3,"Thiết / Kế (Adobe Photoshop, Adobe Illustrator, Illustrator)",0.3625,jd_0821
jd_0822,Nhân Viên Thiết Kế,9,"Thiết / Kế (Photoshop, Illustrator, Figma)",0.3784,jd_0822
jd_0823,CTV Kỹ Thuật Viễn Thông,5,"IT / Thuật (Hệ điều hành Windows, Phần mềm văn phòng, Mạng máy tính)",0.7471,jd_0823
jd_0824,Nhân Viên Kinh Doanh,4,"Kinh / Doanh (Kỹ năng giao tiếp, Kỹ năng đàm phán, Kỹ năng bán hàng)",0.4373,jd_0824
jd_0825,Sales Leader,0,"Kinh / Doanh (Tiếng Anh cơ bản, Sử dụng Execl và word thành thạo, Proficient in English or Chinese, equivalent to 6.5 IELTS or HSK 5)",0.7929,jd_0825
jd_0826,Tech Lead/ Trưởng Nhóm Kỹ Thuật,6,"Developer / Java (Java, MySQL, Oracle)",0.6067,jd_0826
jd_0827,Senior Designer 3D (Event),7,"Thiết / Kế (Quay dựng video, audio editing, voice acting)",0.635,jd_0827
jd_0828,Thực Tập Sinh Thiết Kế Đồ Họa,3,"Thiết / Kế (Adobe Photoshop, Adobe Illustrator, Illustrator)",0.4878,jd_0828
jd_0829,Phát triển kinh doanh cao cấp,16,"triển / kinh (Google Ads, B2B sales, Facebook Ads)",0.6062,jd_0829
jd_0830,Lãnh đạo kỹ thuật,18,"Nhà / kinh (Jira, Figma, Confluence)",0.5386,jd_0830
jd_0831,Thiết Kế Website,8,"Developer / Nhà (CSS, HTML, JavaScript)",0.5514,jd_0831
jd_0832,Nó quản lý dự án,15,"Developer / Tiếng (Java, Swift, Kotlin)",0.8134,jd_0832
jd_0833,Chuyên Viên Tư Vấn Cloud (Cloud Presales),17,"Hệ / Engineer (Linux, Network, Storage)",0.4812,jd_0833
jd_0834,Middle Java Developer,6,"Developer / Java (Java, MySQL, Oracle)",0.555,jd_0834
jd_0835,Thiết Kế Đồ Họa,9,"Thiết / Kế (Photoshop, Illustrator, Figma)",0.3332,jd_0835
jd_0836,Kỹ sư dữ liệu cao cấp,11,"IT / Quản (VMware, Triển khai và vận hành hệ thống VOIP (Asterisk, FreePbx, FreeSWITCH, Kamailio, OpenSIPS, 3CX), Giao thức SIP, RTP, WebRTC, STUN/TURN/ICE, NAT Traversal)",0.6268,jd_0836
jd_0837,Chuyên Viên Thiết Kế Đa Phương Tiện,9,"Thiết / Kế (Photoshop, Illustrator, Figma)",0.4015,jd_0837
jd_0838,Chuyên Viên Cao Cấp Quản Lý Sự Cố Và Vấn Đề,19,"Nhà / kinh (Quản lý dự án, Phân tích nghiệp vụ, Phân tích yêu cầu)",0.5321,jd_0838
jd_0839,Chuyên Viên Phát Triển Phần Mềm,19,"Nhà / kinh (Quản lý dự án, Phân tích nghiệp vụ, Phân tích yêu cầu)",0.4866,jd_0839
jd_0840,Quản Lý Dự Án Điện Tử,19,"Nhà / kinh (Quản lý dự án, Phân tích nghiệp vụ, Phân tích yêu cầu)",0.5698,jd_0840
jd_0841,Kĩ Sư Giám Sát / Lập Trình Tự Động Hóa,5,"IT / Thuật (Hệ điều hành Windows, Phần mềm văn phòng, Mạng máy tính)",0.8657,jd_0841
jd_0842,Kỹ Sư Lập Trình CAM (Máy CNC),1,"CNC / Máy (Lập trình CNC, NX, Mastercam)",0.4823,jd_0842
jd_0843,Kỹ Sư Tự Động Hóa,2,"Engineer / Developer (Python, Docker, Kubernetes)",0.5264,jd_0843
jd_0844,Nhân Viên Thiết Kế,3,"Thiết / Kế (Adobe Photoshop, Adobe Illustrator, Illustrator)",0.3408,jd_0844
jd_0845,Điều hành phát triển kinh doanh,16,"triển / kinh (Google Ads, B2B sales, Facebook Ads)",0.7189,jd_0845
jd_0846,Kỹ Sư Phát Triển Giải Pháp Oracle- Oracle Engineer,6,"Developer / Java (Java, MySQL, Oracle)",0.5417,jd_0846
jd_0847,Chuyên Viên Thiết Kế 3D (3D Artist),13,"3D / Thiết (Photoshop, Unity, Maya)",0.4588,jd_0847
jd_0848,Nhân Viên Thiết Kế 3D,13,"3D / Thiết (Photoshop, Unity, Maya)",0.4597,jd_0848
jd_0849,Nhân Viên Kinh Doanh,12,"Doanh / Kinh (Tin học văn phòng, Tin học văn phòng (Word, Excel, PowerPoint), Sử dụng CRM)",0.5528,jd_0849
jd_0850,Giảng Viên Thiết Kế Đồ Họa,13,"3D / Thiết (Photoshop, Unity, Maya)",0.6426,jd_0850
jd_0851,Nhà thiết kế đồ họa cao cấp (nữ),3,"Thiết / Kế (Adobe Photoshop, Adobe Illustrator, Illustrator)",0.3163,jd_0851
jd_0852,Chuyên Viên Thiết Kế Đồ Họa,3,"Thiết / Kế (Adobe Photoshop, Adobe Illustrator, Illustrator)",0.5957,jd_0852
jd_0853,Chuyên Viên Kinh Doanh,12,"Doanh / Kinh (Tin học văn phòng, Tin học văn phòng (Word, Excel, PowerPoint), Sử dụng CRM)",0.7615,jd_0853
jd_0854,Sales Executive (JLPT N2),4,"Kinh / Doanh (Kỹ năng giao tiếp, Kỹ năng đàm phán, Kỹ năng bán hàng)",0.8301,jd_0854
jd_0855,Nhân Viên Kinh Doanh Phần Mềm,12,"Doanh / Kinh (Tin học văn phòng, Tin học văn phòng (Word, Excel, PowerPoint), Sử dụng CRM)",0.4915,jd_0855
jd_0856,Nhân Viên Kinh Doanh Phần Mềm B2B,18,"Nhà / kinh (Jira, Figma, Confluence)",0.7246,jd_0856
jd_0857,Nhân Viên Thiết Kế Đồ Họa 2D,9,"Thiết / Kế (Photoshop, Illustrator, Figma)",0.4624,jd_0857
jd_0858,"Designer POD- Cty Không Quịt Lương, 0 Nhàm Chán",9,"Thiết / Kế (Photoshop, Illustrator, Figma)",0.4378,jd_0858
jd_0859,Kỹ sư mạng & bảo mật,17,"Hệ / Engineer (Linux, Network, Storage)",0.5389,jd_0859
jd_0860,Nhân Viên Graphic Designer,3,"Thiết / Kế (Adobe Photoshop, Adobe Illustrator, Illustrator)",0.3708,jd_0860
jd_0861,Phát triển kinh doanh - B2B,0,"Kinh / Doanh (Tiếng Anh cơ bản, Sử dụng Execl và word thành thạo, Proficient in English or Chinese, equivalent to 6.5 IELTS or HSK 5)",0.7716,jd_0861
jd_0862,Thiết kế đồ họa,9,"Thiết / Kế (Photoshop, Illustrator, Figma)",0.4272,jd_0862
jd_0863,Senior Multi-Media Designer,9,"Thiết / Kế (Photoshop, Illustrator, Figma)",0.4869,jd_0863
jd_0864,Nhà phát triển Sencha,8,"Developer / Nhà (CSS, HTML, JavaScript)",0.5082,jd_0864
jd_0865,Nhà phát triển phụ trợ cao cấp (AWS),2,"Engineer / Developer (Python, Docker, Kubernetes)",0.6026,jd_0865
jd_0866,Trưởng Bộ Phận Lập Trình,6,"Developer / Java (Java, MySQL, Oracle)",0.4642,jd_0866
jd_0867,Lập Trình CNC,1,"CNC / Máy (Lập trình CNC, NX, Mastercam)",0.5706,jd_0867
jd_0868,Nhân Viên Editor,13,"3D / Thiết (Photoshop, Unity, Maya)",0.6523,jd_0868
jd_0869,Trưởng Phòng IT (ERP),14,"tích / Phân (SQL, Excel, Python)",0.5225,jd_0869
jd_0870,Nhân Viên Thiết Kế,9,"Thiết / Kế (Photoshop, Illustrator, Figma)",0.4232,jd_0870
jd_0871,Chuyên Viên Thiết Kế Đồ Họa,3,"Thiết / Kế (Adobe Photoshop, Adobe Illustrator, Illustrator)",0.3405,jd_0871
jd_0872,Nhân Viên IT Helpdesk,5,"IT / Thuật (Hệ điều hành Windows, Phần mềm văn phòng, Mạng máy tính)",0.9068,jd_0872
jd_0873,Nhân Viên Tester,14,"tích / Phân (SQL, Excel, Python)",0.6081,jd_0873
jd_0874,Nhân Viên Thiết Kế,9,"Thiết / Kế (Photoshop, Illustrator, Figma)",0.3847,jd_0874
jd_0875,Nhân Viên Kinh Doanh,12,"Doanh / Kinh (Tin học văn phòng, Tin học văn phòng (Word, Excel, PowerPoint), Sử dụng CRM)",0.4581,jd_0875
jd_0876,Nhân Viên Thiết Kế Đồ Hoạ,9,"Thiết / Kế (Photoshop, Illustrator, Figma)",0.4893,jd_0876
jd_0877,Kỹ Sư Vision Machine,2,"Engineer / Developer (Python, Docker, Kubernetes)",0.609,jd_0877
jd_0878,Nhân Viên Kỹ Thuật,5,"IT / Thuật (Hệ điều hành Windows, Phần mềm văn phòng, Mạng máy tính)",0.5817,jd_0878
jd_0879,Nhân Viên Telesale Tư Vấn Dvụ Website/Marketing,0,"Kinh / Doanh (Tiếng Anh cơ bản, Sử dụng Execl và word thành thạo, Proficient in English or Chinese, equivalent to 6.5 IELTS or HSK 5)",0.7279,jd_0879
jd_0880,Nhân Viên Thiết Kế,9,"Thiết / Kế (Photoshop, Illustrator, Figma)",0.3621,jd_0880
jd_0881,Thực Tập Sinh Thiết Kế,9,"Thiết / Kế (Photoshop, Illustrator, Figma)",0.3726,jd_0881
jd_0882,Kỹ Sư Phân Tích Nghiệp Vụ - Business Analyst,19,"Nhà / kinh (Quản lý dự án, Phân tích nghiệp vụ, Phân tích yêu cầu)",0.6363,jd_0882
jd_0883,Chuyên Viên Tư Vấn Tuyển Sinh,0,"Kinh / Doanh (Tiếng Anh cơ bản, Sử dụng Execl và word thành thạo, Proficient in English or Chinese, equivalent to 6.5 IELTS or HSK 5)",0.7667,jd_0883
jd_0884,DevOps Engineer,6,"Developer / Java (Java, MySQL, Oracle)",0.5273,jd_0884
jd_0885,3D Quality Executive / Kiểm Soát Chất Lượng Ảnh 3D Visualization,7,"Thiết / Kế (Quay dựng video, audio editing, voice acting)",0.7767,jd_0885
jd_0886,Trưởng Phòng Kinh Doanh,0,"Kinh / Doanh (Tiếng Anh cơ bản, Sử dụng Execl và word thành thạo, Proficient in English or Chinese, equivalent to 6.5 IELTS or HSK 5)",0.5375,jd_0886
jd_0887,Thiết Kế Đồ Hoạ,3,"Thiết / Kế (Adobe Photoshop, Adobe Illustrator, Illustrator)",0.2854,jd_0887
jd_0888,Chuyên Viên Thiết Kế,9,"Thiết / Kế (Photoshop, Illustrator, Figma)",0.3452,jd_0888
jd_0889,Thực Tập Sinh Thiết Kế Đồ Hoạ,9,"Thiết / Kế (Photoshop, Illustrator, Figma)",0.3251,jd_0889
jd_0890,Intern Thiết Kế/ Design,9,"Thiết / Kế (Photoshop, Illustrator, Figma)",0.4534,jd_0890
jd_0891,Nhân Viên Thiết Kế Đồ Họa,9,"Thiết / Kế (Photoshop, Illustrator, Figma)",0.4445,jd_0891
jd_0892,Nhân Viên Thiết Kế,9,"Thiết / Kế (Photoshop, Illustrator, Figma)",0.3531,jd_0892
jd_0893,Nhân Viên Upload Sản Phẩm (Customily) - Kèm Portfolio,3,"Thiết / Kế (Adobe Photoshop, Adobe Illustrator, Illustrator)",0.7892,jd_0893
jd_0894,UI/UX Designer,9,"Thiết / Kế (Photoshop, Illustrator, Figma)",0.7338,jd_0894
jd_0895,Chuyên Viên Phát Triển Dự Án POS,5,"IT / Thuật (Hệ điều hành Windows, Phần mềm văn phòng, Mạng máy tính)",0.5642,jd_0895
jd_0896,Database Administrator,6,"Developer / Java (Java, MySQL, Oracle)",0.5039,jd_0896
jd_0897,Trưởng Nhóm Kinh Doanh,0,"Kinh / Doanh (Tiếng Anh cơ bản, Sử dụng Execl và word thành thạo, Proficient in English or Chinese, equivalent to 6.5 IELTS or HSK 5)",0.5415,jd_0897
jd_0898,Nhân Viên Design POD (Print On Demand),3,"Thiết / Kế (Adobe Photoshop, Adobe Illustrator, Illustrator)",0.4438,jd_0898
jd_0899,Trưởng Phòng Giải Pháp CNTT,19,"Nhà / kinh (Quản lý dự án, Phân tích nghiệp vụ, Phân tích yêu cầu)",0.6588,jd_0899
jd_0900,Nhân Viên Kinh Doanh Website,16,"triển / kinh (Google Ads, B2B sales, Facebook Ads)",0.6251,jd_0900
jd_0901,Nhà phát triển sản phẩm (Người bán hàng),3,"Thiết / Kế (Adobe Photoshop, Adobe Illustrator, Illustrator)",0.6766,jd_0901
jd_0902,Chuyên Viên Thiết Kế,9,"Thiết / Kế (Photoshop, Illustrator, Figma)",0.4821,jd_0902
jd_0903,Thực Tập Sinh Kinh Doanh,0,"Kinh / Doanh (Tiếng Anh cơ bản, Sử dụng Execl và word thành thạo, Proficient in English or Chinese, equivalent to 6.5 IELTS or HSK 5)",0.5597,jd_0903
jd_0904,Nhân Viên Graphic Designer,9,"Thiết / Kế (Photoshop, Illustrator, Figma)",0.5362,jd_0904
jd_0905,Nhân Viên IT - Kỹ Thuật,5,"IT / Thuật (Hệ điều hành Windows, Phần mềm văn phòng, Mạng máy tính)",0.5459,jd_0905
jd_0906,Kỹ thuật dẫn đầu,11,"IT / Quản (VMware, Triển khai và vận hành hệ thống VOIP (Asterisk, FreePbx, FreeSWITCH, Kamailio, OpenSIPS, 3CX), Giao thức SIP, RTP, WebRTC, STUN/TURN/ICE, NAT Traversal)",0.6802,jd_0906
jd_0907,Nhân Viên CNC,1,"CNC / Máy (Lập trình CNC, NX, Mastercam)",0.6348,jd_0907
jd_0908,Nhân Viên Kinh Doanh/ Sales B2B (Enterprise/SME),4,"Kinh / Doanh (Kỹ năng giao tiếp, Kỹ năng đàm phán, Kỹ năng bán hàng)",0.7554,jd_0908
jd_0909,Cộng Tác Viên Biên Kịch Hoạt Hình (Short Clip),7,"Thiết / Kế (Quay dựng video, audio editing, voice acting)",0.7107,jd_0909
jd_0910,Thực Tập Sinh Thiết Kế Đồ Họa,3,"Thiết / Kế (Adobe Photoshop, Adobe Illustrator, Illustrator)",0.2649,jd_0910
jd_0911,Nhân Viên Thiết Kế,9,"Thiết / Kế (Photoshop, Illustrator, Figma)",0.5029,jd_0911
jd_0912,Kỹ Sư Cầu Nối Brse (JLPT N2),19,"Nhà / kinh (Quản lý dự án, Phân tích nghiệp vụ, Phân tích yêu cầu)",0.5858,jd_0912
jd_0913,Kỹ Sư Cầu Nối (BrSE - Tiếng Nhật),15,"Developer / Tiếng (Java, Swift, Kotlin)",0.7492,jd_0913
jd_0914,Chất lượng Chuyên gia (Trực quan hóa 3D),13,"3D / Thiết (Photoshop, Unity, Maya)",0.7361,jd_0914
jd_0915,Nhân Viên Lập Trình Khuôn (Công Nghệ),1,"CNC / Máy (Lập trình CNC, NX, Mastercam)",0.6078,jd_0915
jd_0916,Nhân Viên Vận Hành Máy CNC,1,"CNC / Máy (Lập trình CNC, NX, Mastercam)",0.4548,jd_0916
jd_0917,BrSE Tiếng Nhật,2,"Engineer / Developer (Python, Docker, Kubernetes)",0.6916,jd_0917
jd_0918,Trưởng Phòng Kỹ Thuật,19,"Nhà / kinh (Quản lý dự án, Phân tích nghiệp vụ, Phân tích yêu cầu)",0.6593,jd_0918
jd_0919,2D Designer,3,"Thiết / Kế (Adobe Photoshop, Adobe Illustrator, Illustrator)",0.4384,jd_0919
jd_0920,Thiết Kế Đồ Họa,9,"Thiết / Kế (Photoshop, Illustrator, Figma)",0.39,jd_0920
jd_0921,Nhân Viên Thiết Kế Website,9,"Thiết / Kế (Photoshop, Illustrator, Figma)",0.3935,jd_0921
jd_0922,Quy trình đảm bảo chất lượng,5,"IT / Thuật (Hệ điều hành Windows, Phần mềm văn phòng, Mạng máy tính)",0.8201,jd_0922
jd_0923,DESIGN - Thương Hiệu Qiaodan - Đi Làm Ngay,9,"Thiết / Kế (Photoshop, Illustrator, Figma)",0.4442,jd_0923
jd_0924,Lãnh đạo/Senior - 3D (Sự kiện & Kích hoạt | BTL),13,"3D / Thiết (Photoshop, Unity, Maya)",0.5876,jd_0924
jd_0925,Nhà thiết kế sáng tạo thực tập,3,"Thiết / Kế (Adobe Photoshop, Adobe Illustrator, Illustrator)",0.2756,jd_0925
jd_0926,2D Design,9,"Thiết / Kế (Photoshop, Illustrator, Figma)",0.502,jd_0926
jd_0927,Nhân Viên Kinh Doanh Dịch Vụ Website,5,"IT / Thuật (Hệ điều hành Windows, Phần mềm văn phòng, Mạng máy tính)",0.6793,jd_0927
jd_0928,"Nhân Viên PC CONTROL, C#",5,"IT / Thuật (Hệ điều hành Windows, Phần mềm văn phòng, Mạng máy tính)",0.949,jd_0928
jd_0929,Video Editor,3,"Thiết / Kế (Adobe Photoshop, Adobe Illustrator, Illustrator)",0.6794,jd_0929
jd_0930,Nhân Viên Triển Khai Và Lập Trình Máy Cnc,1,"CNC / Máy (Lập trình CNC, NX, Mastercam)",0.8102,jd_0930
jd_0931,Nhân Viên Thiết Kế Đồ Họa,9,"Thiết / Kế (Photoshop, Illustrator, Figma)",0.3499,jd_0931
jd_0932,Kỹ sư phần mềm (Lãnh đạo),8,"Developer / Nhà (CSS, HTML, JavaScript)",0.4095,jd_0932
jd_0933,Kỹ Sư IT- Nhúng,2,"Engineer / Developer (Python, Docker, Kubernetes)",0.6664,jd_0933
jd_0934,Lãnh đạo phát triển kinh doanh,19,"Nhà / kinh (Quản lý dự án, Phân tích nghiệp vụ, Phân tích yêu cầu)",0.5647,jd_0934
jd_0935,Thực Tập Sinh Graphic Designer,13,"3D / Thiết (Photoshop, Unity, Maya)",0.5242,jd_0935
jd_0936,Nhân Viên Tư Vấn Part-Time,12,"Doanh / Kinh (Tin học văn phòng, Tin học văn phòng (Word, Excel, PowerPoint), Sử dụng CRM)",0.7072,jd_0936
jd_0937,Thực Tập Sinh Thiết Kế Đồ Họa,3,"Thiết / Kế (Adobe Photoshop, Adobe Illustrator, Illustrator)",0.2649,jd_0937
jd_0938,Nhân Viên Thiết Kế Đồ Họa,9,"Thiết / Kế (Photoshop, Illustrator, Figma)",0.3679,jd_0938
jd_0939,Cloud Engineer (Azure),2,"Engineer / Developer (Python, Docker, Kubernetes)",0.5019,jd_0939
jd_0940,Nhân Viên Thiết Kế,9,"Thiết / Kế (Photoshop, Illustrator, Figma)",0.3616,jd_0940
jd_0941,Graphic Design/Thiết Kế Nội Dung Truyền Thông,9,"Thiết / Kế (Photoshop, Illustrator, Figma)",0.39,jd_0941
jd_0942,Thực Tập Sinh Thiết Kế Đồ Họa,7,"Thiết / Kế (Quay dựng video, audio editing, voice acting)",0.5984,jd_0942
jd_0943,Nhân Viên Thiết Kế Đồ Họa,3,"Thiết / Kế (Adobe Photoshop, Adobe Illustrator, Illustrator)",0.2691,jd_0943
jd_0944,Thiết kế sản xuất thực tập (bao bì B2B),3,"Thiết / Kế (Adobe Photoshop, Adobe Illustrator, Illustrator)",0.4621,jd_0944
jd_0945,Thiết kế đồ họa,9,"Thiết / Kế (Photoshop, Illustrator, Figma)",0.4374,jd_0945
jd_0946,Nhân Viên Kinh Doanh Phần Mềm,12,"Doanh / Kinh (Tin học văn phòng, Tin học văn phòng (Word, Excel, PowerPoint), Sử dụng CRM)",0.5133,jd_0946
jd_0947,Thiết kế đồ họa,13,"3D / Thiết (Photoshop, Unity, Maya)",0.4549,jd_0947
jd_0948,Nhân Viên Kinh Doanh (Phần Mềm Bán Hàng),16,"triển / kinh (Google Ads, B2B sales, Facebook Ads)",0.6857,jd_0948
jd_0949,Bim Engineering Manager,18,"Nhà / kinh (Jira, Figma, Confluence)",0.8287,jd_0949
jd_0950,Nhân Viên Telesales Phần Mềm,12,"Doanh / Kinh (Tin học văn phòng, Tin học văn phòng (Word, Excel, PowerPoint), Sử dụng CRM)",0.9025,jd_0950
jd_0951,Chuyên Viên Thiết Kế Đồ Họa,9,"Thiết / Kế (Photoshop, Illustrator, Figma)",0.3752,jd_0951
jd_0952,Nhân Viên Telesales Phần Mềm,12,"Doanh / Kinh (Tin học văn phòng, Tin học văn phòng (Word, Excel, PowerPoint), Sử dụng CRM)",0.9025,jd_0952
jd_0953,Chuyên Viên Thiết Kế Đồ Họa,9,"Thiết / Kế (Photoshop, Illustrator, Figma)",0.4222,jd_0953
jd_0954,Kỹ Sư Công Nghệ IT,15,"Developer / Tiếng (Java, Swift, Kotlin)",0.6049,jd_0954
jd_0955,Trợ Lý Công Nghệ,7,"Thiết / Kế (Quay dựng video, audio editing, voice acting)",0.8278,jd_0955
jd_0956,Thiết kế đồ họa,3,"Thiết / Kế (Adobe Photoshop, Adobe Illustrator, Illustrator)",0.3789,jd_0956
jd_0957,Kiến trúc sư giải pháp (ADAS),18,"Nhà / kinh (Jira, Figma, Confluence)",0.5894,jd_0957
jd_0958,Thiết kế đồ họa,9,"Thiết / Kế (Photoshop, Illustrator, Figma)",0.3737,jd_0958
jd_0959,Chuyên Viên Thiết Kế 3D,9,"Thiết / Kế (Photoshop, Illustrator, Figma)",0.4795,jd_0959
jd_0960,Giám đốc phát triển kinh doanh (Nền tảng khách hàng thân thiết),16,"triển / kinh (Google Ads, B2B sales, Facebook Ads)",0.578,jd_0960
jd_0961,Chuyên Viên Thiết Kế - Graphic Designer,9,"Thiết / Kế (Photoshop, Illustrator, Figma)",0.3324,jd_0961
jd_0962,Nhân Viên Diễn Hoạt 2D (Motion Designer),13,"3D / Thiết (Photoshop, Unity, Maya)",0.5752,jd_0962
jd_0963,Nhân Viên Kinh Doanh Phân Phối,0,"Kinh / Doanh (Tiếng Anh cơ bản, Sử dụng Execl và word thành thạo, Proficient in English or Chinese, equivalent to 6.5 IELTS or HSK 5)",0.7147,jd_0963
jd_0964,Giảng Viên IT,6,"Developer / Java (Java, MySQL, Oracle)",0.4904,jd_0964
jd_0965,Designer,3,"Thiết / Kế (Adobe Photoshop, Adobe Illustrator, Illustrator)",0.3739,jd_0965
jd_0966,Nhân Viên Thiết Kế Đồ Họa,3,"Thiết / Kế (Adobe Photoshop, Adobe Illustrator, Illustrator)",0.3093,jd_0966
jd_0967,Nhân Viên Thiết Kế,3,"Thiết / Kế (Adobe Photoshop, Adobe Illustrator, Illustrator)",0.286,jd_0967
jd_0968,Nhân Viên Lập Trình Máy Laser Và CNC,1,"CNC / Máy (Lập trình CNC, NX, Mastercam)",0.8267,jd_0968
jd_0969,Devsecops,2,"Engineer / Developer (Python, Docker, Kubernetes)",0.4784,jd_0969
jd_0970,"Nhà phát triển phụ trợ (BPM, Camuda)",15,"Developer / Tiếng (Java, Swift, Kotlin)",0.7411,jd_0970
jd_0971,Bán hàng cao cấp (Giải pháp CNTT),16,"triển / kinh (Google Ads, B2B sales, Facebook Ads)",0.6488,jd_0971
jd_0972,Nhân Viên Thiết Kế,3,"Thiết / Kế (Adobe Photoshop, Adobe Illustrator, Illustrator)",0.3408,jd_0972
jd_0973,Chuyên Viên Thiết Kế 3D,13,"3D / Thiết (Photoshop, Unity, Maya)",0.4886,jd_0973
jd_0974,Designer 3D,13,"3D / Thiết (Photoshop, Unity, Maya)",0.4526,jd_0974
jd_0975,Nhân Viên Kinh Doanh Thiết Bị Smart Home,0,"Kinh / Doanh (Tiếng Anh cơ bản, Sử dụng Execl và word thành thạo, Proficient in English or Chinese, equivalent to 6.5 IELTS or HSK 5)",0.759,jd_0975
jd_0976,Trưởng Phòng Kinh Doanh,4,"Kinh / Doanh (Kỹ năng giao tiếp, Kỹ năng đàm phán, Kỹ năng bán hàng)",0.6419,jd_0976
jd_0977,Trưởng Phòng Kinh Doanh Phân Phối,0,"Kinh / Doanh (Tiếng Anh cơ bản, Sử dụng Execl và word thành thạo, Proficient in English or Chinese, equivalent to 6.5 IELTS or HSK 5)",0.5068,jd_0977
jd_0978,Thiết Kế Đồ Họa,7,"Thiết / Kế (Quay dựng video, audio editing, voice acting)",0.5484,jd_0978
jd_0979,Nhân Viên Thiết Kế,9,"Thiết / Kế (Photoshop, Illustrator, Figma)",0.4003,jd_0979
jd_0980,Giám đốc phát triển kinh doanh,12,"Doanh / Kinh (Tin học văn phòng, Tin học văn phòng (Word, Excel, PowerPoint), Sử dụng CRM)",0.6422,jd_0980
jd_0981,Phát triển kinh doanh,18,"Nhà / kinh (Jira, Figma, Confluence)",0.56,jd_0981
jd_0982,Chất lượng Chuyên gia (Trực quan hóa 3D),13,"3D / Thiết (Photoshop, Unity, Maya)",0.739,jd_0982
jd_0983,ADMIN Xây Dựng Và Vận Hành Web Cung Ứng Nhân Lực,11,"IT / Quản (VMware, Triển khai và vận hành hệ thống VOIP (Asterisk, FreePbx, FreeSWITCH, Kamailio, OpenSIPS, 3CX), Giao thức SIP, RTP, WebRTC, STUN/TURN/ICE, NAT Traversal)",0.6547,jd_0983
jd_0984,Nhân Viên Thiết Kế,9,"Thiết / Kế (Photoshop, Illustrator, Figma)",0.3358,jd_0984
jd_0985,Thực Tập Sinh Design,9,"Thiết / Kế (Photoshop, Illustrator, Figma)",0.3881,jd_0985
jd_0986,Lập Trình CNC,1,"CNC / Máy (Lập trình CNC, NX, Mastercam)",0.4361,jd_0986
jd_0987,Designer,9,"Thiết / Kế (Photoshop, Illustrator, Figma)",0.3573,jd_0987
jd_0988,Thiết Kế,3,"Thiết / Kế (Adobe Photoshop, Adobe Illustrator, Illustrator)",0.3398,jd_0988
jd_0989,Nhân Viên Thiết Kế Giải Pháp,7,"Thiết / Kế (Quay dựng video, audio editing, voice acting)",0.6904,jd_0989
jd_0990,Phó Phòng Kinh Doanh,0,"Kinh / Doanh (Tiếng Anh cơ bản, Sử dụng Execl và word thành thạo, Proficient in English or Chinese, equivalent to 6.5 IELTS or HSK 5)",0.6065,jd_0990
jd_0991,Chuyên Viên Chuyển Đổi Số Nội Bộ,18,"Nhà / kinh (Jira, Figma, Confluence)",0.5513,jd_0991
jd_0992,"Nhà thiết kế đồ họa 3D, 2D",13,"3D / Thiết (Photoshop, Unity, Maya)",0.4305,jd_0992
jd_0993,Kiến trúc sư giải pháp,6,"Developer / Java (Java, MySQL, Oracle)",0.4391,jd_0993
jd_0994,Giám Đốc Trung Tâm Blockchain,11,"IT / Quản (VMware, Triển khai và vận hành hệ thống VOIP (Asterisk, FreePbx, FreeSWITCH, Kamailio, OpenSIPS, 3CX), Giao thức SIP, RTP, WebRTC, STUN/TURN/ICE, NAT Traversal)",0.7834,jd_0994
jd_0995,Brse (N2 UP),6,"Developer / Java (Java, MySQL, Oracle)",0.4591,jd_0995
jd_0996,Kiến trúc sư giải pháp,7,"Thiết / Kế (Quay dựng video, audio editing, voice acting)",0.7032,jd_0996
jd_0997,Project Manager,19,"Nhà / kinh (Quản lý dự án, Phân tích nghiệp vụ, Phân tích yêu cầu)",0.5794,jd_0997
jd_0998,Lãnh đạo kỹ thuật,2,"Engineer / Developer (Python, Docker, Kubernetes)",0.4766,jd_0998
jd_0999,Nhân Viên Kinh Doanh Phần Mềm Vận Tải,0,"Kinh / Doanh (Tiếng Anh cơ bản, Sử dụng Execl và word thành thạo, Proficient in English or Chinese, equivalent to 6.5 IELTS or HSK 5)",0.5701,jd_0999
jd_1000,Project Manager,19,"Nhà / kinh (Quản lý dự án, Phân tích nghiệp vụ, Phân tích yêu cầu)",0.5946,jd_1000
jd_1001,Nhà thiết kế đồ họa chuyển động,9,"Thiết / Kế (Photoshop, Illustrator, Figma)",0.3788,jd_1001
jd_1002,Người kiểm tra hiệu suất,10,"Tester / Manual (Kiểm thử phần mềm, SQL, Viết Testcase)",0.6166,jd_1002
jd_1003,Thực Tập Sinh Design,3,"Thiết / Kế (Adobe Photoshop, Adobe Illustrator, Illustrator)",0.5279,jd_1003
jd_1004,Nhân Viên Phát Triển Phần Mềm,6,"Developer / Java (Java, MySQL, Oracle)",0.4852,jd_1004
jd_1005,Phát triển sản phẩm giày dép - Nhà phát triển,19,"Nhà / kinh (Quản lý dự án, Phân tích nghiệp vụ, Phân tích yêu cầu)",0.7524,jd_1005
jd_1006,Sales Consultant,16,"triển / kinh (Google Ads, B2B sales, Facebook Ads)",0.5466,jd_1006
jd_1007,Chuyên Viên Thiết Kế,7,"Thiết / Kế (Quay dựng video, audio editing, voice acting)",0.6947,jd_1007
jd_1008,Nhân Viên Kinh Doanh Tư Vấn Website,0,"Kinh / Doanh (Tiếng Anh cơ bản, Sử dụng Execl và word thành thạo, Proficient in English or Chinese, equivalent to 6.5 IELTS or HSK 5)",0.5864,jd_1008
jd_1009,Nhân Viên Tư Vấn Website,12,"Doanh / Kinh (Tin học văn phòng, Tin học văn phòng (Word, Excel, PowerPoint), Sử dụng CRM)",0.6216,jd_1009
jd_1010,Thiết kế đồ họa sáng tạo thực tập,3,"Thiết / Kế (Adobe Photoshop, Adobe Illustrator, Illustrator)",0.3253,jd_1010
jd_1011,Nhân Viên Tư Vấn,4,"Kinh / Doanh (Kỹ năng giao tiếp, Kỹ năng đàm phán, Kỹ năng bán hàng)",0.5709,jd_1011
jd_1012,Nhân Viên Thiết Kế,18,"Nhà / kinh (Jira, Figma, Confluence)",0.5596,jd_1012
jd_1013,Chuyên Viên Phát Triển Thị Trường,12,"Doanh / Kinh (Tin học văn phòng, Tin học văn phòng (Word, Excel, PowerPoint), Sử dụng CRM)",0.7026,jd_1013
jd_1014,Nhân Viên Tư Vấn/ Kinh Doanh Dịch Vụ Phần Mềm,12,"Doanh / Kinh (Tin học văn phòng, Tin học văn phòng (Word, Excel, PowerPoint), Sử dụng CRM)",0.5696,jd_1014
jd_1015,Nhà phát triển Winform,6,"Developer / Java (Java, MySQL, Oracle)",0.457,jd_1015
jd_1016,TechLead (NodeJS),8,"Developer / Nhà (CSS, HTML, JavaScript)",0.6127,jd_1016
jd_1017,Nhân Viên Thiết Kế Đồ Họa,9,"Thiết / Kế (Photoshop, Illustrator, Figma)",0.3968,jd_1017
jd_1018,Chuyên gia danh mục thẻ cao cấp,14,"tích / Phân (SQL, Excel, Python)",0.6982,jd_1018
jd_1019,Nhân Viên Thiết Kế,9,"Thiết / Kế (Photoshop, Illustrator, Figma)",0.3609,jd_1019
jd_1020,Nhân Viên Kinh Doanh Phần Mềm,16,"triển / kinh (Google Ads, B2B sales, Facebook Ads)",0.5746,jd_1020
jd_1021,Chuyên Viên Kinh Doanh Giải Pháp Phần Mềm,12,"Doanh / Kinh (Tin học văn phòng, Tin học văn phòng (Word, Excel, PowerPoint), Sử dụng CRM)",0.7352,jd_1021
jd_1022,Kỹ Sư Cầu Nối,15,"Developer / Tiếng (Java, Swift, Kotlin)",0.8194,jd_1022
jd_1023,.NET Nhà phát triển (Senior/Lead),6,"Developer / Java (Java, MySQL, Oracle)",0.3689,jd_1023
jd_1024,Nhân Viên Graphic Designer 2D Hàng Nội Địa Nhật,9,"Thiết / Kế (Photoshop, Illustrator, Figma)",0.536,jd_1024
jd_1025,Kỹ sư nghiên cứu HPC,11,"IT / Quản (VMware, Triển khai và vận hành hệ thống VOIP (Asterisk, FreePbx, FreeSWITCH, Kamailio, OpenSIPS, 3CX), Giao thức SIP, RTP, WebRTC, STUN/TURN/ICE, NAT Traversal)",0.5976,jd_1025
jd_1026,Nhân Viên Kinh Doanh Mảng Digital Marketing,16,"triển / kinh (Google Ads, B2B sales, Facebook Ads)",0.6771,jd_1026
jd_1027,Nhân Viên Kĩ Thuật Hạ Tầng,5,"IT / Thuật (Hệ điều hành Windows, Phần mềm văn phòng, Mạng máy tính)",0.5836,jd_1027
jd_1028,"Kỹ Sư Lập Trình Embedded/IoT (C/C++/C#, Python)",2,"Engineer / Developer (Python, Docker, Kubernetes)",0.5717,jd_1028
jd_1029,Giảng Viên Dạy Lập Trình Cho Trẻ Part Time,15,"Developer / Tiếng (Java, Swift, Kotlin)",0.8288,jd_1029
jd_1030,Trưởng Nhóm Lập Trình,6,"Developer / Java (Java, MySQL, Oracle)",0.4078,jd_1030
jd_1031,Java Team Leader,6,"Developer / Java (Java, MySQL, Oracle)",0.4977,jd_1031
jd_1032,Lãnh đạo kỹ thuật ReactJS,8,"Developer / Nhà (CSS, HTML, JavaScript)",0.3774,jd_1032
jd_1033,Nhà phát triển đám mây tiếp thị Saleforce,8,"Developer / Nhà (CSS, HTML, JavaScript)",0.5623,jd_1033
jd_1034,Nhà phát triển Thương mại Liferay cao cấp,6,"Developer / Java (Java, MySQL, Oracle)",0.4673,jd_1034
jd_1035,Nhân Viên Photoshop,13,"3D / Thiết (Photoshop, Unity, Maya)",0.6578,jd_1035
jd_1036,Nhân Viên Kinh Doanh Máy In,4,"Kinh / Doanh (Kỹ năng giao tiếp, Kỹ năng đàm phán, Kỹ năng bán hàng)",0.618,jd_1036
jd_1037,Data & Business Intelligence Leader,14,"tích / Phân (SQL, Excel, Python)",0.5209,jd_1037
jd_1038,Nhân Viên Sale Phần Mềm Marketing,4,"Kinh / Doanh (Kỹ năng giao tiếp, Kỹ năng đàm phán, Kỹ năng bán hàng)",0.465,jd_1038
jd_1039,Thực Tập Sinh Motion Graphic Designer,3,"Thiết / Kế (Adobe Photoshop, Adobe Illustrator, Illustrator)",0.4543,jd_1039
jd_1040,Thực Tập Sinh Graphic Designer,9,"Thiết / Kế (Photoshop, Illustrator, Figma)",0.5731,jd_1040
jd_1041,Design Media,9,"Thiết / Kế (Photoshop, Illustrator, Figma)",0.4847,jd_1041
jd_1042,Nhân Viên Tư Vấn,12,"Doanh / Kinh (Tin học văn phòng, Tin học văn phòng (Word, Excel, PowerPoint), Sử dụng CRM)",0.5872,jd_1042
jd_1043,Thiết Kế Đồ Họa,3,"Thiết / Kế (Adobe Photoshop, Adobe Illustrator, Illustrator)",0.3222,jd_1043
jd_1044,Nhân Viên Sale,12,"Doanh / Kinh (Tin học văn phòng, Tin học văn phòng (Word, Excel, PowerPoint), Sử dụng CRM)",0.586,jd_1044
jd_1045,Nhà thiết kế đồ họa (Chuyên Thumbnail YouTube),3,"Thiết / Kế (Adobe Photoshop, Adobe Illustrator, Illustrator)",0.8022,jd_1045
jd_1046,Thiết Kế Landing Page,7,"Thiết / Kế (Quay dựng video, audio editing, voice acting)",0.9821,jd_1046
jd_1047,UI/UX Designer,9,"Thiết / Kế (Photoshop, Illustrator, Figma)",0.4344,jd_1047
jd_1048,Chuyên Viên Thiết Kế Đồ Họa,3,"Thiết / Kế (Adobe Photoshop, Adobe Illustrator, Illustrator)",0.2624,jd_1048
jd_1049,Animation,13,"3D / Thiết (Photoshop, Unity, Maya)",0.6849,jd_1049
jd_1050,Chuyên Viên Thiết Kế Đồ Họa,3,"Thiết / Kế (Adobe Photoshop, Adobe Illustrator, Illustrator)",0.2624,jd_1050
jd_1051,Thiết kế đồ họa (in pod theo yêu cầu),3,"Thiết / Kế (Adobe Photoshop, Adobe Illustrator, Illustrator)",0.3842,jd_1051
jd_1052,Chuyên Viên Thiết Kế,9,"Thiết / Kế (Photoshop, Illustrator, Figma)",0.3452,jd_1052
jd_1053,Chuyên Viên Thiết Kế,9,"Thiết / Kế (Photoshop, Illustrator, Figma)",0.3452,jd_1053
jd_1054,Giám đốc điều hành bán hàng Fresher (phần mềm),0,"Kinh / Doanh (Tiếng Anh cơ bản, Sử dụng Execl và word thành thạo, Proficient in English or Chinese, equivalent to 6.5 IELTS or HSK 5)",0.7422,jd_1054
jd_1055,Trưởng Phòng Kỹ Thuật,5,"IT / Thuật (Hệ điều hành Windows, Phần mềm văn phòng, Mạng máy tính)",0.564,jd_1055
jd_1056,Tư Vấn Thiết Kế Hệ Thống Điện Nhẹ ELV,5,"IT / Thuật (Hệ điều hành Windows, Phần mềm văn phòng, Mạng máy tính)",0.6034,jd_1056
jd_1057,Nhân Viên Tư Vấn Phần Mềm,12,"Doanh / Kinh (Tin học văn phòng, Tin học văn phòng (Word, Excel, PowerPoint), Sử dụng CRM)",0.7088,jd_1057
jd_1058,Quản lý tài khoản,16,"triển / kinh (Google Ads, B2B sales, Facebook Ads)",0.7353,jd_1058
jd_1059,Nhân Viên Kinh Doanh,12,"Doanh / Kinh (Tin học văn phòng, Tin học văn phòng (Word, Excel, PowerPoint), Sử dụng CRM)",0.4877,jd_1059
jd_1060,Trưởng Phòng Gia Công CNC,1,"CNC / Máy (Lập trình CNC, NX, Mastercam)",0.6336,jd_1060
jd_1061,Nhân Viên IT,18,"Nhà / kinh (Jira, Figma, Confluence)",0.6312,jd_1061
jd_1062,Nhân Viên Thiết Kế Đồ Họa,3,"Thiết / Kế (Adobe Photoshop, Adobe Illustrator, Illustrator)",0.2691,jd_1062
jd_1063,Cộng sự QA/QC,2,"Engineer / Developer (Python, Docker, Kubernetes)",0.5812,jd_1063
jd_1064,Quản lý tăng trưởng sản phẩm,14,"tích / Phân (SQL, Excel, Python)",0.6352,jd_1064
jd_1065,Cộng Tác Viên Thiết Kế Đồ Họa,3,"Thiết / Kế (Adobe Photoshop, Adobe Illustrator, Illustrator)",0.4911,jd_1065
jd_1066,Chủ sở hữu sản phẩm cao cấp (FinTech),19,"Nhà / kinh (Quản lý dự án, Phân tích nghiệp vụ, Phân tích yêu cầu)",0.5772,jd_1066
jd_1067,Giám đốc tăng trưởng sản phẩm (FinTech),14,"tích / Phân (SQL, Excel, Python)",0.6037,jd_1067
jd_1068,Nhân Viên Thiết Kế Đồ Họa,9,"Thiết / Kế (Photoshop, Illustrator, Figma)",0.4178,jd_1068
jd_1069,Nhân Viên Thiết Kế (Print On Demand),3,"Thiết / Kế (Adobe Photoshop, Adobe Illustrator, Illustrator)",0.4403,jd_1069
jd_1070,Nhân Viên IT,11,"IT / Quản (VMware, Triển khai và vận hành hệ thống VOIP (Asterisk, FreePbx, FreeSWITCH, Kamailio, OpenSIPS, 3CX), Giao thức SIP, RTP, WebRTC, STUN/TURN/ICE, NAT Traversal)",0.7618,jd_1070
jd_1071,Nhân Viên Kinh Doanh,12,"Doanh / Kinh (Tin học văn phòng, Tin học văn phòng (Word, Excel, PowerPoint), Sử dụng CRM)",0.5104,jd_1071
jd_1072,Huấn luyện viên phần mềm hậu cần,5,"IT / Thuật (Hệ điều hành Windows, Phần mềm văn phòng, Mạng máy tính)",0.8455,jd_1072
jd_1073,Nhân Viên Tư Vấn Bán Hàng,0,"Kinh / Doanh (Tiếng Anh cơ bản, Sử dụng Execl và word thành thạo, Proficient in English or Chinese, equivalent to 6.5 IELTS or HSK 5)",0.5899,jd_1073
jd_1074,Nhân Viên Kinh Doanh,0,"Kinh / Doanh (Tiếng Anh cơ bản, Sử dụng Execl và word thành thạo, Proficient in English or Chinese, equivalent to 6.5 IELTS or HSK 5)",0.4653,jd_1074
jd_1075,Phát triển kinh doanh cao cấp,16,"triển / kinh (Google Ads, B2B sales, Facebook Ads)",0.5215,jd_1075
jd_1076,Nhân Viên Thiết Kế Print-On-Demand,3,"Thiết / Kế (Adobe Photoshop, Adobe Illustrator, Illustrator)",0.3973,jd_1076
jd_1077,Chuyên Viên Thiết Kế Đồ Họa,9,"Thiết / Kế (Photoshop, Illustrator, Figma)",0.283,jd_1077
jd_1078,Nhân Viên Thiết Kế,9,"Thiết / Kế (Photoshop, Illustrator, Figma)",0.4423,jd_1078
jd_1079,Nhân Viên Animation 2D,7,"Thiết / Kế (Quay dựng video, audio editing, voice acting)",0.8681,jd_1079
jd_1080,Nhân Viên Kinh Doanh Chữ Ký Số,12,"Doanh / Kinh (Tin học văn phòng, Tin học văn phòng (Word, Excel, PowerPoint), Sử dụng CRM)",0.768,jd_1080
jd_1081,Kỹ Thuật Viên Lập Trình CNC,1,"CNC / Máy (Lập trình CNC, NX, Mastercam)",0.5454,jd_1081
jd_1082,Trưởng Nhóm Thiết Kế Đồ Họa,7,"Thiết / Kế (Quay dựng video, audio editing, voice acting)",0.6725,jd_1082
jd_1083,Chuyên Viên IT – Hỗ Trợ Vận Hành,5,"IT / Thuật (Hệ điều hành Windows, Phần mềm văn phòng, Mạng máy tính)",0.3956,jd_1083
jd_1084,Design,7,"Thiết / Kế (Quay dựng video, audio editing, voice acting)",0.5999,jd_1084
jd_1085,Video/Camera Editor,13,"3D / Thiết (Photoshop, Unity, Maya)",0.6966,jd_1085
jd_1086,Nhân Viên Thiết Kế Đồ Hoạ,9,"Thiết / Kế (Photoshop, Illustrator, Figma)",0.3518,jd_1086
jd_1087,Trợ Lý Dự Án Xử Lý Hình Ảnh (Kỹ Năng Photoshop),9,"Thiết / Kế (Photoshop, Illustrator, Figma)",0.4948,jd_1087
jd_1088,Kỹ Sư BIM,18,"Nhà / kinh (Jira, Figma, Confluence)",0.6999,jd_1088
jd_1089,Nhân Viên Design Marketing,9,"Thiết / Kế (Photoshop, Illustrator, Figma)",0.3925,jd_1089
jd_1090,Graphic Designer/Thiết Kế Đồ Họa,3,"Thiết / Kế (Adobe Photoshop, Adobe Illustrator, Illustrator)",0.4095,jd_1090
jd_1091,Nhân Viên Kinh Doanh,0,"Kinh / Doanh (Tiếng Anh cơ bản, Sử dụng Execl và word thành thạo, Proficient in English or Chinese, equivalent to 6.5 IELTS or HSK 5)",0.4653,jd_1091
jd_1092,Nhà phân tích kinh doanh cao cấp,18,"Nhà / kinh (Jira, Figma, Confluence)",0.477,jd_1092
jd_1093,Thực Tập Sinh Thiết Kế (Intern Designer),7,"Thiết / Kế (Quay dựng video, audio editing, voice acting)",0.5113,jd_1093
jd_1094,IT Infrastructure,17,"Hệ / Engineer (Linux, Network, Storage)",0.633,jd_1094
jd_1095,Thực Tập Sinh Marketing/ Digital MKT Fullstack,16,"triển / kinh (Google Ads, B2B sales, Facebook Ads)",0.7658,jd_1095
jd_1096,Nhà phân tích kinh doanh,16,"triển / kinh (Google Ads, B2B sales, Facebook Ads)",0.6156,jd_1096
jd_1097,Nhân Viên Tư Vấn Qua Điện Thoại,0,"Kinh / Doanh (Tiếng Anh cơ bản, Sử dụng Execl và word thành thạo, Proficient in English or Chinese, equivalent to 6.5 IELTS or HSK 5)",0.6769,jd_1097
jd_1098,Network Engineer,17,"Hệ / Engineer (Linux, Network, Storage)",0.5477,jd_1098
jd_1099,Nhà phát triển Unity (Casual/Puzze) - Junior/Middle,13,"3D / Thiết (Photoshop, Unity, Maya)",0.5779,jd_1099
jd_1100,Nhân Viên Phân Tích Dữ Liệu (Tiếng Trung),14,"tích / Phân (SQL, Excel, Python)",0.8136,jd_1100
jd_1101,Nhân Viên Gán Nhãn Dữ Liệu Tiếng Nhật (Từ N3)-Tiếng Anh (B2),5,"IT / Thuật (Hệ điều hành Windows, Phần mềm văn phòng, Mạng máy tính)",0.815,jd_1101
jd_1102,Mobile Android Developer (Kotlin),2,"Engineer / Developer (Python, Docker, Kubernetes)",0.4744,jd_1102
jd_1103,Nhân Viên Gán Nhãn Dữ Liệu Song Ngữ Tiếng Hàn (TOPIK 4) Và Tiếng Anh (B2),15,"Developer / Tiếng (Java, Swift, Kotlin)",0.8216,jd_1103
jd_1104,Chuyên Viên Lập Trình Python-Odoo,2,"Engineer / Developer (Python, Docker, Kubernetes)",0.5621,jd_1104
jd_1105,Android Developer,2,"Engineer / Developer (Python, Docker, Kubernetes)",0.5222,jd_1105
jd_1106,IT Project Manager,19,"Nhà / kinh (Quản lý dự án, Phân tích nghiệp vụ, Phân tích yêu cầu)",0.5329,jd_1106
jd_1107,Nhà phân tích kinh doanh trung bình,18,"Nhà / kinh (Jira, Figma, Confluence)",0.8304,jd_1107
jd_1108,Nhà phát triển Unity (Casual/Puzze) - Fresher hơn,15,"Developer / Tiếng (Java, Swift, Kotlin)",0.6991,jd_1108
jd_1109,CNTT HELPDESK/ CNTT Hỗ trợ/ Công nghệ thông tin,11,"IT / Quản (VMware, Triển khai và vận hành hệ thống VOIP (Asterisk, FreePbx, FreeSWITCH, Kamailio, OpenSIPS, 3CX), Giao thức SIP, RTP, WebRTC, STUN/TURN/ICE, NAT Traversal)",0.7297,jd_1109
jd_1110,Android Developer,15,"Developer / Tiếng (Java, Swift, Kotlin)",0.6188,jd_1110
jd_1111,Lập Trình Viên BackEnd Developer (NodeJS),6,"Developer / Java (Java, MySQL, Oracle)",0.3711,jd_1111
jd_1112,Nhân Viên Developer Full-Stack Full-Time,8,"Developer / Nhà (CSS, HTML, JavaScript)",0.5327,jd_1112
jd_1113,Nhân Viên Tester,10,"Tester / Manual (Kiểm thử phần mềm, SQL, Viết Testcase)",0.4442,jd_1113
jd_1114,Frontend Developer (Reactjs Và Nextjs),8,"Developer / Nhà (CSS, HTML, JavaScript)",0.6391,jd_1114
jd_1115,"Chuyên Viên Kinh Doanh/Sales (IT, Software,...)",19,"Nhà / kinh (Quản lý dự án, Phân tích nghiệp vụ, Phân tích yêu cầu)",0.6253,jd_1115
jd_1116,Thực Tập Sinh Tester,14,"tích / Phân (SQL, Excel, Python)",0.623,jd_1116
jd_1117,Điều hành phát triển kinh doanh,0,"Kinh / Doanh (Tiếng Anh cơ bản, Sử dụng Execl và word thành thạo, Proficient in English or Chinese, equivalent to 6.5 IELTS or HSK 5)",0.6535,jd_1117
jd_1118,Fresher hơn cơ sở hạ tầng,5,"IT / Thuật (Hệ điều hành Windows, Phần mềm văn phòng, Mạng máy tính)",0.715,jd_1118
jd_1119,Chuyên Viên Vận Hành ERP,18,"Nhà / kinh (Jira, Figma, Confluence)",0.5678,jd_1119
jd_1120,Senior Java Developer,6,"Developer / Java (Java, MySQL, Oracle)",0.544,jd_1120
jd_1121,Phát triển kinh doanh tươi hơn (bán hàng nó),0,"Kinh / Doanh (Tiếng Anh cơ bản, Sử dụng Execl và word thành thạo, Proficient in English or Chinese, equivalent to 6.5 IELTS or HSK 5)",0.7436,jd_1121
jd_1122,Liên kết quản lý dự án,19,"Nhà / kinh (Quản lý dự án, Phân tích nghiệp vụ, Phân tích yêu cầu)",0.6967,jd_1122
jd_1123,Thiết kế đồ họa,3,"Thiết / Kế (Adobe Photoshop, Adobe Illustrator, Illustrator)",0.3742,jd_1123
jd_1124,Nhân Viên IT,14,"tích / Phân (SQL, Excel, Python)",0.5497,jd_1124
jd_1125,Thiết kế đồ họa,3,"Thiết / Kế (Adobe Photoshop, Adobe Illustrator, Illustrator)",0.3332,jd_1125
jd_1126,Quản lý đảm bảo chất lượng,18,"Nhà / kinh (Jira, Figma, Confluence)",0.5884,jd_1126
jd_1127,Chuyên Viên Phân Tích Nghiệp Vụ,14,"tích / Phân (SQL, Excel, Python)",0.5706,jd_1127
jd_1128,Nhà phát triển góc cạnh,8,"Developer / Nhà (CSS, HTML, JavaScript)",0.4684,jd_1128
jd_1129,Nhà phân tích kinh doanh cao cấp,18,"Nhà / kinh (Jira, Figma, Confluence)",0.4598,jd_1129
jd_1130,Chuyên Viên Phân Tích & Tối Ưu Vận Hành OOA,14,"tích / Phân (SQL, Excel, Python)",0.4519,jd_1130
jd_1131,Lập Trình Viên. Net,6,"Developer / Java (Java, MySQL, Oracle)",0.4232,jd_1131
jd_1132,Nhà phát triển Unity (Fresher),13,"3D / Thiết (Photoshop, Unity, Maya)",0.796,jd_1132
jd_1133,Chuyên Viên Phân Tích Dữ Liệu,14,"tích / Phân (SQL, Excel, Python)",0.5466,jd_1133
jd_1134,Junior Tester,10,"Tester / Manual (Kiểm thử phần mềm, SQL, Viết Testcase)",0.759,jd_1134
jd_1135,Nhân Viên Tư Vấn Website - Không Yêu Cầu Kinh Nghiệm,12,"Doanh / Kinh (Tin học văn phòng, Tin học văn phòng (Word, Excel, PowerPoint), Sử dụng CRM)",0.6448,jd_1135
jd_1136,Game Unity (Trung & cấp cao),13,"3D / Thiết (Photoshop, Unity, Maya)",0.5957,jd_1136
jd_1137,Chuyên Viên Công Nghệ Thông Tin (AI & Automation),18,"Nhà / kinh (Jira, Figma, Confluence)",0.6376,jd_1137
jd_1138,Chuyên Viên Thiết Kế & Sáng Tạo Nội Dung,9,"Thiết / Kế (Photoshop, Illustrator, Figma)",0.4279,jd_1138
jd_1139,Chuyên Viên Vận Hành Và Hỗ Trợ Phần Mềm,6,"Developer / Java (Java, MySQL, Oracle)",0.485,jd_1139
jd_1140,Quản Trị Hệ Thống,2,"Engineer / Developer (Python, Docker, Kubernetes)",0.4834,jd_1140
jd_1141,Designer – Chuyên Viên Thiết Kế Hình Ảnh,7,"Thiết / Kế (Quay dựng video, audio editing, voice acting)",0.6148,jd_1141
jd_1142,Nhân Viên Thiết Kế UI App/Web,9,"Thiết / Kế (Photoshop, Illustrator, Figma)",0.4499,jd_1142
jd_1143,Nhân Viên Kinh Doanh Website,12,"Doanh / Kinh (Tin học văn phòng, Tin học văn phòng (Word, Excel, PowerPoint), Sử dụng CRM)",0.6452,jd_1143
jd_1144,Nhân Viên Kinh Doanh Website,12,"Doanh / Kinh (Tin học văn phòng, Tin học văn phòng (Word, Excel, PowerPoint), Sử dụng CRM)",0.6452,jd_1144
jd_1145,Project Manager,19,"Nhà / kinh (Quản lý dự án, Phân tích nghiệp vụ, Phân tích yêu cầu)",0.6458,jd_1145
jd_1146,Middle IOS Developer,2,"Engineer / Developer (Python, Docker, Kubernetes)",0.5103,jd_1146
jd_1147,Nhà phát triển phụ trợ Java (lãnh đạo cao cấp/công nghệ),6,"Developer / Java (Java, MySQL, Oracle)",0.5129,jd_1147
jd_1148,Middle Pre-Sales Executive,19,"Nhà / kinh (Quản lý dự án, Phân tích nghiệp vụ, Phân tích yêu cầu)",0.5864,jd_1148
jd_1149,Nhà phát triển Unity (Cấp giữa),15,"Developer / Tiếng (Java, Swift, Kotlin)",0.6655,jd_1149
jd_1150,Kỹ Sư Phát Triển Phần Mềm Nhúng Matlab Simulink Cho Động Cơ,18,"Nhà / kinh (Jira, Figma, Confluence)",0.7153,jd_1150
jd_1151,Vận Hành Dự Án Game,4,"Kinh / Doanh (Kỹ năng giao tiếp, Kỹ năng đàm phán, Kỹ năng bán hàng)",0.8051,jd_1151
jd_1152,Nhân Viên Xác Thực Dữ Liệu (Contact Center),12,"Doanh / Kinh (Tin học văn phòng, Tin học văn phòng (Word, Excel, PowerPoint), Sử dụng CRM)",0.7798,jd_1152
jd_1153,Kỹ Sư Phát Triển Ứng Dụng Điện Toán Đám Mây,2,"Engineer / Developer (Python, Docker, Kubernetes)",0.5265,jd_1153
jd_1154,Nhân Viên Kỹ Thuật Máy Tính,5,"IT / Thuật (Hệ điều hành Windows, Phần mềm văn phòng, Mạng máy tính)",0.4617,jd_1154
jd_1155,UI/UX Designer,18,"Nhà / kinh (Jira, Figma, Confluence)",0.6481,jd_1155
jd_1156,Chuyên Viên Phân Tích Nghiệp Vụ,18,"Nhà / kinh (Jira, Figma, Confluence)",0.5042,jd_1156
jd_1157,Điều hành kế hoạch và phân tích tài chính (FP & A),14,"tích / Phân (SQL, Excel, Python)",0.5357,jd_1157
jd_1158,Nhân Viên Thiết Kế (Graphic Designer),3,"Thiết / Kế (Adobe Photoshop, Adobe Illustrator, Illustrator)",0.3297,jd_1158
jd_1159,Data Analyst,2,"Engineer / Developer (Python, Docker, Kubernetes)",0.5681,jd_1159
jd_1160,Chuyên Viên Front-End,8,"Developer / Nhà (CSS, HTML, JavaScript)",0.3661,jd_1160
jd_1161,Nhân Viên IT Phần Mềm (Lập Trình),6,"Developer / Java (Java, MySQL, Oracle)",0.7154,jd_1161
jd_1162,Nhà phát triển Python trở lại,2,"Engineer / Developer (Python, Docker, Kubernetes)",0.5301,jd_1162
jd_1163,Fullstack Developer,6,"Developer / Java (Java, MySQL, Oracle)",0.4044,jd_1163
jd_1164,Nhà phát triển Mern-Stack của Intern/Fresher,2,"Engineer / Developer (Python, Docker, Kubernetes)",0.6252,jd_1164
jd_1165,Nhà phân tích sản phẩm,14,"tích / Phân (SQL, Excel, Python)",0.4939,jd_1165
jd_1166,Nhân Viên Giám Sát Camera,5,"IT / Thuật (Hệ điều hành Windows, Phần mềm văn phòng, Mạng máy tính)",0.7474,jd_1166
jd_1167,Chuyên Viên Cao Cấp Quản Lý Rủi Ro Hoạt Động,5,"IT / Thuật (Hệ điều hành Windows, Phần mềm văn phòng, Mạng máy tính)",0.5679,jd_1167
jd_1168,Senior Java Backend,6,"Developer / Java (Java, MySQL, Oracle)",0.5699,jd_1168
jd_1169,Devops Engineer,2,"Engineer / Developer (Python, Docker, Kubernetes)",0.411,jd_1169
jd_1170,Nhân Viên Xử Lí Dữ Liệu ( CV Tiếng Nhật),14,"tích / Phân (SQL, Excel, Python)",0.5783,jd_1170
jd_1171,Hardware Design Engineer,1,"CNC / Máy (Lập trình CNC, NX, Mastercam)",0.6765,jd_1171
jd_1172,Trợ Giảng/ Gia Sư/ Giáo Viên Part-Time CNTT/Lập Trình/Điện Tử/Truyền Thông Đa Phương Tiện,12,"Doanh / Kinh (Tin học văn phòng, Tin học văn phòng (Word, Excel, PowerPoint), Sử dụng CRM)",0.8542,jd_1172
jd_1173,Java Developer (Junior/Middle),6,"Developer / Java (Java, MySQL, Oracle)",0.4321,jd_1173
jd_1174,Backend Developer (NodeJs),8,"Developer / Nhà (CSS, HTML, JavaScript)",0.801,jd_1174
jd_1175,Frontend Developer,8,"Developer / Nhà (CSS, HTML, JavaScript)",0.458,jd_1175
jd_1176,Chuyên gia mua lại người dùng (ứng dụng/trò chơi di động),14,"tích / Phân (SQL, Excel, Python)",0.5751,jd_1176
jd_1177,Nhà thiết kế đồ họa chuyển động,9,"Thiết / Kế (Photoshop, Illustrator, Figma)",0.6498,jd_1177
jd_1178,Nhân Viên Kinh Doanh Phần Mềm,12,"Doanh / Kinh (Tin học văn phòng, Tin học văn phòng (Word, Excel, PowerPoint), Sử dụng CRM)",0.4849,jd_1178
jd_1179,Nhân Viên Tư Vấn Kinh Doanh Phần Mềm Bán Hàng,0,"Kinh / Doanh (Tiếng Anh cơ bản, Sử dụng Execl và word thành thạo, Proficient in English or Chinese, equivalent to 6.5 IELTS or HSK 5)",0.5671,jd_1179
jd_1180,Lập Trình Viên Mobile App (Flutter),15,"Developer / Tiếng (Java, Swift, Kotlin)",0.6605,jd_1180
jd_1181,Nhân Viên Tester (QC/ Tester),10,"Tester / Manual (Kiểm thử phần mềm, SQL, Viết Testcase)",0.5811,jd_1181
jd_1182,Kỹ sư hỗ trợ kỹ thuật (cố định NightShift - Cung cấp gói tổng hợp 30 triệu),18,"Nhà / kinh (Jira, Figma, Confluence)",0.7693,jd_1182
jd_1183,Game 3D Artist,13,"3D / Thiết (Photoshop, Unity, Maya)",0.47,jd_1183
jd_1184,Điều phối viên dự án dữ liệu AI,5,"IT / Thuật (Hệ điều hành Windows, Phần mềm văn phòng, Mạng máy tính)",0.816,jd_1184
jd_1185,Thiết kế đồ họa,3,"Thiết / Kế (Adobe Photoshop, Adobe Illustrator, Illustrator)",0.6908,jd_1185
jd_1186,Nhân Viên Kinh Doanh,4,"Kinh / Doanh (Kỹ năng giao tiếp, Kỹ năng đàm phán, Kỹ năng bán hàng)",0.7021,jd_1186
jd_1187,Mobile Developer (Flutter),2,"Engineer / Developer (Python, Docker, Kubernetes)",0.5916,jd_1187
jd_1188,Nhân Viên Lập Trình,2,"Engineer / Developer (Python, Docker, Kubernetes)",0.4567,jd_1188
jd_1189,Nhân Viên EOD & Giám Sát 24/7 CNTT,14,"tích / Phân (SQL, Excel, Python)",0.6433,jd_1189
jd_1190,Thực Tập Sinh Lập Trình,15,"Developer / Tiếng (Java, Swift, Kotlin)",0.821,jd_1190
jd_1191,"Kỹ Sư An Ninh, An Toàn",17,"Hệ / Engineer (Linux, Network, Storage)",0.6225,jd_1191
jd_1192,Nhân Viên Thiết Kế,9,"Thiết / Kế (Photoshop, Illustrator, Figma)",0.3609,jd_1192
jd_1193,Kỹ Sư Giải Pháp Hạ Tầng CNTT,17,"Hệ / Engineer (Linux, Network, Storage)",0.446,jd_1193
jd_1194,Tester (BPM),10,"Tester / Manual (Kiểm thử phần mềm, SQL, Viết Testcase)",0.4733,jd_1194
jd_1195,Nhà phát triển Junior ERP,6,"Developer / Java (Java, MySQL, Oracle)",0.4587,jd_1195
jd_1196,Trình quản lý dự án CNTT (Shopify),8,"Developer / Nhà (CSS, HTML, JavaScript)",0.5604,jd_1196
jd_1197,Thiết kế đồ họa,9,"Thiết / Kế (Photoshop, Illustrator, Figma)",0.3996,jd_1197
jd_1198,Nhân Viên Thiết Kế,3,"Thiết / Kế (Adobe Photoshop, Adobe Illustrator, Illustrator)",0.3408,jd_1198
jd_1199,Devops Senior Engineer (Linux/Cloud),2,"Engineer / Developer (Python, Docker, Kubernetes)",0.4592,jd_1199
jd_1200,Thực Tập Lập Trình Unity Game,19,"Nhà / kinh (Quản lý dự án, Phân tích nghiệp vụ, Phân tích yêu cầu)",0.6682,jd_1200
jd_1201,Project Manager,19,"Nhà / kinh (Quản lý dự án, Phân tích nghiệp vụ, Phân tích yêu cầu)",0.5624,jd_1201
jd_1202,Thiết Kế Đồ Hoạ,9,"Thiết / Kế (Photoshop, Illustrator, Figma)",0.3721,jd_1202
jd_1203,Phân Tích Nghiệp Vụ,18,"Nhà / kinh (Jira, Figma, Confluence)",0.6931,jd_1203
jd_1204,Thực Tập Game Designer,13,"3D / Thiết (Photoshop, Unity, Maya)",0.7431,jd_1204
jd_1205,Nhân Viên Graphic Designer,3,"Thiết / Kế (Adobe Photoshop, Adobe Illustrator, Illustrator)",0.3248,jd_1205
jd_1206,Server Developer (C Language),2,"Engineer / Developer (Python, Docker, Kubernetes)",0.6072,jd_1206
jd_1207,IT Comtor Tiếng Nhật,15,"Developer / Tiếng (Java, Swift, Kotlin)",0.8532,jd_1207
jd_1208,Coaching Data Analyst,14,"tích / Phân (SQL, Excel, Python)",0.4885,jd_1208
jd_1209,Business Analyst (Domain Fintech),19,"Nhà / kinh (Quản lý dự án, Phân tích nghiệp vụ, Phân tích yêu cầu)",0.5699,jd_1209
jd_1210,Người kiểm tra tự động hóa tươi hơn (tiếng Anh Fluent),10,"Tester / Manual (Kiểm thử phần mềm, SQL, Viết Testcase)",0.6564,jd_1210
jd_1211,Nhân Viên IT / IT Helpdesk/ IT Support,0,"Kinh / Doanh (Tiếng Anh cơ bản, Sử dụng Execl và word thành thạo, Proficient in English or Chinese, equivalent to 6.5 IELTS or HSK 5)",0.9245,jd_1211
jd_1212,(Senior) DevOps Engineer,11,"IT / Quản (VMware, Triển khai và vận hành hệ thống VOIP (Asterisk, FreePbx, FreeSWITCH, Kamailio, OpenSIPS, 3CX), Giao thức SIP, RTP, WebRTC, STUN/TURN/ICE, NAT Traversal)",0.7071,jd_1212
jd_1213,Kỹ sư phụ trợ cấp trung/ cao cấp (Python),2,"Engineer / Developer (Python, Docker, Kubernetes)",0.5382,jd_1213
jd_1214,Backend Developer (Java/.NET/Golang),6,"Developer / Java (Java, MySQL, Oracle)",0.5024,jd_1214
jd_1215,Nhà phân tích kinh doanh cao cấp,18,"Nhà / kinh (Jira, Figma, Confluence)",0.4719,jd_1215
jd_1216,Nhà phát triển hệ thống giao dịch gia đình (Frontend - JavaScript),8,"Developer / Nhà (CSS, HTML, JavaScript)",0.6685,jd_1216
jd_1217,"Nhà phát triển đầy đủ (.NET, React)",6,"Developer / Java (Java, MySQL, Oracle)",0.5169,jd_1217
jd_1218,AI/NLP Engineer,2,"Engineer / Developer (Python, Docker, Kubernetes)",0.523,jd_1218
jd_1219,Tester,10,"Tester / Manual (Kiểm thử phần mềm, SQL, Viết Testcase)",0.6902,jd_1219
jd_1220,Nhà phân tích dữ liệu & hiểu biết,14,"tích / Phân (SQL, Excel, Python)",0.7299,jd_1220
jd_1221,Thực tập phát triển phần mềm,6,"Developer / Java (Java, MySQL, Oracle)",0.5189,jd_1221
jd_1222,Manual Tester,10,"Tester / Manual (Kiểm thử phần mềm, SQL, Viết Testcase)",0.52,jd_1222
jd_1223,Nhân Viên Design,9,"Thiết / Kế (Photoshop, Illustrator, Figma)",0.3795,jd_1223
jd_1224,Thực Tập IT,5,"IT / Thuật (Hệ điều hành Windows, Phần mềm văn phòng, Mạng máy tính)",0.5698,jd_1224
jd_1225,Nhân Viên Thiết Kế,9,"Thiết / Kế (Photoshop, Illustrator, Figma)",0.3529,jd_1225
jd_1226,IT Executive,11,"IT / Quản (VMware, Triển khai và vận hành hệ thống VOIP (Asterisk, FreePbx, FreeSWITCH, Kamailio, OpenSIPS, 3CX), Giao thức SIP, RTP, WebRTC, STUN/TURN/ICE, NAT Traversal)",0.5724,jd_1226
jd_1227,Thực Tập Sinh IT Help Desk,5,"IT / Thuật (Hệ điều hành Windows, Phần mềm văn phòng, Mạng máy tính)",0.5574,jd_1227
jd_1228,Nhà phát triển FullStack (PHP/ReactJS),8,"Developer / Nhà (CSS, HTML, JavaScript)",0.3773,jd_1228
jd_1229,Thiết kế đồ họa,3,"Thiết / Kế (Adobe Photoshop, Adobe Illustrator, Illustrator)",0.4467,jd_1229
jd_1230,Quản lý tài khoản,0,"Kinh / Doanh (Tiếng Anh cơ bản, Sử dụng Execl và word thành thạo, Proficient in English or Chinese, equivalent to 6.5 IELTS or HSK 5)",0.8301,jd_1230
jd_1231,Data Analyst,2,"Engineer / Developer (Python, Docker, Kubernetes)",0.5299,jd_1231
jd_1232,Presale Network Engineer,17,"Hệ / Engineer (Linux, Network, Storage)",0.4986,jd_1232
jd_1233,Trưởng Phòng Công Nghệ Thông Tin,17,"Hệ / Engineer (Linux, Network, Storage)",0.5687,jd_1233
jd_1234,Thực Tập Sinh Game Designer,7,"Thiết / Kế (Quay dựng video, audio editing, voice acting)",0.738,jd_1234
jd_1235,Nhân Viên Game Designer,7,"Thiết / Kế (Quay dựng video, audio editing, voice acting)",0.7062,jd_1235
jd_1236,Thực Tập Sinh Thiết Kế,9,"Thiết / Kế (Photoshop, Illustrator, Figma)",0.4949,jd_1236
jd_1237,Thực Tập Sinh Kỹ Thuật Máy Tính Phần Cứng,5,"IT / Thuật (Hệ điều hành Windows, Phần mềm văn phòng, Mạng máy tính)",0.6167,jd_1237
jd_1238,Chuyên Viên Tư Vấn Giải Pháp,17,"Hệ / Engineer (Linux, Network, Storage)",0.5698,jd_1238
jd_1239,Quản Lý Dự Án,4,"Kinh / Doanh (Kỹ năng giao tiếp, Kỹ năng đàm phán, Kỹ năng bán hàng)",0.5174,jd_1239
jd_1240,Thực Tập Sinh Kinh Doanh,0,"Kinh / Doanh (Tiếng Anh cơ bản, Sử dụng Execl và word thành thạo, Proficient in English or Chinese, equivalent to 6.5 IELTS or HSK 5)",0.5597,jd_1240
jd_1241,Java Developer,6,"Developer / Java (Java, MySQL, Oracle)",0.4627,jd_1241
jd_1242,.Net Developer,6,"Developer / Java (Java, MySQL, Oracle)",0.4497,jd_1242
jd_1243,Senior Frontent Developer (Reactjs),6,"Developer / Java (Java, MySQL, Oracle)",0.598,jd_1243
jd_1244,Thiết kế đồ họa,3,"Thiết / Kế (Adobe Photoshop, Adobe Illustrator, Illustrator)",0.3789,jd_1244
jd_1245,Chủ sở hữu sản phẩm,18,"Nhà / kinh (Jira, Figma, Confluence)",0.6589,jd_1245
jd_1246,Nhân Viên Kinh Doanh Chữ Kí Số - Không Áp KPI,0,"Kinh / Doanh (Tiếng Anh cơ bản, Sử dụng Execl và word thành thạo, Proficient in English or Chinese, equivalent to 6.5 IELTS or HSK 5)",0.5716,jd_1246
jd_1247,Chuyên Viên Phân Tích Nghiệp Vụ,18,"Nhà / kinh (Jira, Figma, Confluence)",0.5752,jd_1247
jd_1248,Trưởng Phòng Kinh Doanh Phần Mềm,0,"Kinh / Doanh (Tiếng Anh cơ bản, Sử dụng Execl và word thành thạo, Proficient in English or Chinese, equivalent to 6.5 IELTS or HSK 5)",0.4916,jd_1248
jd_1249,Kỹ Sư Dữ Liệu,6,"Developer / Java (Java, MySQL, Oracle)",0.5326,jd_1249
jd_1250,Nhân Viên Thiết Kế Đồ Họa,9,"Thiết / Kế (Photoshop, Illustrator, Figma)",0.4314,jd_1250
jd_1251,Chuyên Viên Thiết Kế Đồ Họa,9,"Thiết / Kế (Photoshop, Illustrator, Figma)",0.4904,jd_1251
jd_1252,Chủ sở hữu sản phẩm,18,"Nhà / kinh (Jira, Figma, Confluence)",0.6142,jd_1252
jd_1253,Thực Tập Sinh Thiết Kế Đồ Họa,3,"Thiết / Kế (Adobe Photoshop, Adobe Illustrator, Illustrator)",0.3234,jd_1253
jd_1254,IT Network Engineer,0,"Kinh / Doanh (Tiếng Anh cơ bản, Sử dụng Execl và word thành thạo, Proficient in English or Chinese, equivalent to 6.5 IELTS or HSK 5)",0.9578,jd_1254
jd_1255,Chuyên gia vận hành sản phẩm (Web/Ứng dụng Thể THAO),19,"Nhà / kinh (Quản lý dự án, Phân tích nghiệp vụ, Phân tích yêu cầu)",0.7298,jd_1255
jd_1256,Nhân Viên Thiết Kế 3D,9,"Thiết / Kế (Photoshop, Illustrator, Figma)",0.4568,jd_1256
jd_1257,Flutter Developer,15,"Developer / Tiếng (Java, Swift, Kotlin)",0.6244,jd_1257
jd_1258,"Nhân Viên Kinh Doanh/ Sales/ Tư Vấn Bán Hàng (Phân Phối Sản Phầm PC, Laptop, Máy In, Smart Home)",12,"Doanh / Kinh (Tin học văn phòng, Tin học văn phòng (Word, Excel, PowerPoint), Sử dụng CRM)",0.6068,jd_1258
jd_1259,Nhà phát triển / nhà phát triển ứng dụng di động,15,"Developer / Tiếng (Java, Swift, Kotlin)",0.5548,jd_1259
jd_1260,"Kỹ sư DevOps (trên cơ sở, K8S, CI/CD)",2,"Engineer / Developer (Python, Docker, Kubernetes)",0.6971,jd_1260
jd_1261,Quản trị viên hệ thống cao cấp/ phần cứng CNTT,17,"Hệ / Engineer (Linux, Network, Storage)",0.474,jd_1261
jd_1262,Thực Tập Sinh Lập Trình Website,8,"Developer / Nhà (CSS, HTML, JavaScript)",0.4637,jd_1262
jd_1263,Nhân Viên Kinh Doanh Ngành Game - Ưu Tiên Biết Tiếng Anh,4,"Kinh / Doanh (Kỹ năng giao tiếp, Kỹ năng đàm phán, Kỹ năng bán hàng)",0.8336,jd_1263
jd_1264,Quản Trị Hệ Thống An Toàn Thông Tin,17,"Hệ / Engineer (Linux, Network, Storage)",0.5288,jd_1264
jd_1265,Nhân Viên Quản Trị Hệ Thống,17,"Hệ / Engineer (Linux, Network, Storage)",0.564,jd_1265
jd_1266,Senior Designer Executive,9,"Thiết / Kế (Photoshop, Illustrator, Figma)",0.4657,jd_1266
jd_1267,Thực Tập Sinh Lập Trình Web,8,"Developer / Nhà (CSS, HTML, JavaScript)",0.353,jd_1267
jd_1268,Sales Manager (Trên 3 Năm Kinh Nghiệm),19,"Nhà / kinh (Quản lý dự án, Phân tích nghiệp vụ, Phân tích yêu cầu)",0.5983,jd_1268
jd_1269,Kiểm Thử Game/ Apps,10,"Tester / Manual (Kiểm thử phần mềm, SQL, Viết Testcase)",0.8366,jd_1269
jd_1270,Trợ Lý Giám Đốc,18,"Nhà / kinh (Jira, Figma, Confluence)",0.5329,jd_1270
jd_1271,Nhân Viên Thiết Kế - Part Time Và Full Time,9,"Thiết / Kế (Photoshop, Illustrator, Figma)",0.6204,jd_1271
jd_1272,Nhân Viên Thiết Kế Đồ Họa,18,"Nhà / kinh (Jira, Figma, Confluence)",0.5191,jd_1272
jd_1273,Nhà phân tích dữ liệu (cao cấp),17,"Hệ / Engineer (Linux, Network, Storage)",0.6061,jd_1273
jd_1274,Digital Designer,7,"Thiết / Kế (Quay dựng video, audio editing, voice acting)",0.6062,jd_1274
jd_1275,IT Executive,5,"IT / Thuật (Hệ điều hành Windows, Phần mềm văn phòng, Mạng máy tính)",0.5761,jd_1275
jd_1276,TTS Thiết Kế,3,"Thiết / Kế (Adobe Photoshop, Adobe Illustrator, Illustrator)",0.4855,jd_1276
jd_1277,Graphic Designer – Sáng Tạo & Thẩm Mỹ Tốt,9,"Thiết / Kế (Photoshop, Illustrator, Figma)",0.4072,jd_1277
jd_1278,System Engineer (Linux / Network / Kubernetes),17,"Hệ / Engineer (Linux, Network, Storage)",0.5801,jd_1278
jd_1279,Lập Trình Viên C#,6,"Developer / Java (Java, MySQL, Oracle)",0.5884,jd_1279
jd_1280,Kỹ Sư Lập Trình Nhúng,2,"Engineer / Developer (Python, Docker, Kubernetes)",0.4444,jd_1280
jd_1281,Lập Trình Viên C#,6,"Developer / Java (Java, MySQL, Oracle)",0.5884,jd_1281
jd_1282,Nhà phân tích kinh doanh (Y Tế),19,"Nhà / kinh (Quản lý dự án, Phân tích nghiệp vụ, Phân tích yêu cầu)",0.5769,jd_1282
jd_1283,Nhân Viên Thiết Kế,9,"Thiết / Kế (Photoshop, Illustrator, Figma)",0.3308,jd_1283
jd_1284,Nhân Viên Thiết Kế,9,"Thiết / Kế (Photoshop, Illustrator, Figma)",0.3308,jd_1284
jd_1285,Thực tập phát triển kinh doanh,0,"Kinh / Doanh (Tiếng Anh cơ bản, Sử dụng Execl và word thành thạo, Proficient in English or Chinese, equivalent to 6.5 IELTS or HSK 5)",0.9285,jd_1285
jd_1286,Hoạt hình 3D thực tập,13,"3D / Thiết (Photoshop, Unity, Maya)",0.6062,jd_1286
jd_1287,Data Analyst,14,"tích / Phân (SQL, Excel, Python)",0.7475,jd_1287
jd_1288,Java Developer (Giao Tiếp Tiếng Anh),6,"Developer / Java (Java, MySQL, Oracle)",0.3589,jd_1288
jd_1289,Nhân Viên Thiết Kế Part-Time,3,"Thiết / Kế (Adobe Photoshop, Adobe Illustrator, Illustrator)",0.4664,jd_1289
jd_1290,Thị trường toàn cầu - Nhà phát triển Junior C ++,2,"Engineer / Developer (Python, Docker, Kubernetes)",0.57,jd_1290
jd_1291,Lập Trình Viên Backend Java,6,"Developer / Java (Java, MySQL, Oracle)",0.5429,jd_1291
jd_1292,Nhân Viên Tester,10,"Tester / Manual (Kiểm thử phần mềm, SQL, Viết Testcase)",0.6478,jd_1292
jd_1293,Lập Trình Viên Java / Java Developer,8,"Developer / Nhà (CSS, HTML, JavaScript)",0.4756,jd_1293
jd_1294,Flutter Developer,2,"Engineer / Developer (Python, Docker, Kubernetes)",0.4999,jd_1294
jd_1295,Chuyên Viên Kiểm Thử Phần Mềm,10,"Tester / Manual (Kiểm thử phần mềm, SQL, Viết Testcase)",0.4407,jd_1295
jd_1296,Software Test Engineer (QA Tester),10,"Tester / Manual (Kiểm thử phần mềm, SQL, Viết Testcase)",0.5048,jd_1296
jd_1297,BACKEND DEVELOPER (JAVA - SPRING BOOT),2,"Engineer / Developer (Python, Docker, Kubernetes)",0.5855,jd_1297
jd_1298,Nhà phát triển Android cao cấp,6,"Developer / Java (Java, MySQL, Oracle)",0.5613,jd_1298
jd_1299,Kỹ Sư Trí Tuệ Nhân Tạo - AI/ Deep Learing/ Computer Vision,2,"Engineer / Developer (Python, Docker, Kubernetes)",0.4448,jd_1299
jd_1300,Lập Trình Viên C# Hoặc C/C++ Dự Án Chứng Khoán (Junior),6,"Developer / Java (Java, MySQL, Oracle)",0.6116,jd_1300
jd_1301,Kỹ Sư Dữ Liệu Lớn (Big Data Engineer),2,"Engineer / Developer (Python, Docker, Kubernetes)",0.5911,jd_1301
jd_1302,Java Engineer,6,"Developer / Java (Java, MySQL, Oracle)",0.4663,jd_1302
jd_1303,"Lập Trình Viên .Net, .Net Core",6,"Developer / Java (Java, MySQL, Oracle)",0.4806,jd_1303
jd_1304,Frontend Developer,8,"Developer / Nhà (CSS, HTML, JavaScript)",0.3766,jd_1304
jd_1305,Mobile Developer (Android/IOS),6,"Developer / Java (Java, MySQL, Oracle)",0.5414,jd_1305
jd_1306,Nhân Viên Phân Tích Nghiệp Vụ,4,"Kinh / Doanh (Kỹ năng giao tiếp, Kỹ năng đàm phán, Kỹ năng bán hàng)",0.5895,jd_1306
jd_1307,Flutter Developer,18,"Nhà / kinh (Jira, Figma, Confluence)",0.5986,jd_1307
jd_1308,Thực Tập Sinh Frontend Dev,8,"Developer / Nhà (CSS, HTML, JavaScript)",0.428,jd_1308
jd_1309,Quản lý dự án/Scrum Master (tên miền Fintech),19,"Nhà / kinh (Quản lý dự án, Phân tích nghiệp vụ, Phân tích yêu cầu)",0.5229,jd_1309
jd_1310,2D Game Artist,9,"Thiết / Kế (Photoshop, Illustrator, Figma)",0.6237,jd_1310
jd_1311,3D Game Artist,13,"3D / Thiết (Photoshop, Unity, Maya)",0.4963,jd_1311
jd_1312,"SRE - Kỹ sư độ tin cậy trang web (Devop, AWS)",2,"Engineer / Developer (Python, Docker, Kubernetes)",0.5255,jd_1312
jd_1313,Thực Tập Sinh Thiết Kế (Biết Edit Video),7,"Thiết / Kế (Quay dựng video, audio editing, voice acting)",0.6077,jd_1313
jd_1314,Data Engineer,14,"tích / Phân (SQL, Excel, Python)",0.6172,jd_1314
jd_1315,Kỹ Sư Quản Trị Hệ Thống (System Administrator),17,"Hệ / Engineer (Linux, Network, Storage)",0.5193,jd_1315
jd_1316,Chuyên Viên Thiết Kế Đồ Họa,7,"Thiết / Kế (Quay dựng video, audio editing, voice acting)",0.4629,jd_1316
jd_1317,Chuyên Viên Marketing Designer,9,"Thiết / Kế (Photoshop, Illustrator, Figma)",0.437,jd_1317
jd_1318,Chuyên Viên Thiết Kế,3,"Thiết / Kế (Adobe Photoshop, Adobe Illustrator, Illustrator)",0.3163,jd_1318
jd_1319,Data Engineer,14,"tích / Phân (SQL, Excel, Python)",0.6172,jd_1319
jd_1320,Intern PHP,15,"Developer / Tiếng (Java, Swift, Kotlin)",0.8185,jd_1320
jd_1321,AI Engineer,2,"Engineer / Developer (Python, Docker, Kubernetes)",0.4345,jd_1321
jd_1322,Senior DevOps Engineer,2,"Engineer / Developer (Python, Docker, Kubernetes)",0.508,jd_1322
jd_1323,"Fullstack Developer (Java, Angular)",6,"Developer / Java (Java, MySQL, Oracle)",0.4436,jd_1323
jd_1324,Chuyên Viên Thiết Kế Đồ Hoạ,3,"Thiết / Kế (Adobe Photoshop, Adobe Illustrator, Illustrator)",0.4327,jd_1324
jd_1325,System Admin,17,"Hệ / Engineer (Linux, Network, Storage)",0.6081,jd_1325
jd_1326,Nhân Viên Kinh Doanh,4,"Kinh / Doanh (Kỹ năng giao tiếp, Kỹ năng đàm phán, Kỹ năng bán hàng)",0.4102,jd_1326
jd_1327,Nhà phát triển FullStack,6,"Developer / Java (Java, MySQL, Oracle)",0.4978,jd_1327
jd_1328,Nhân Viên Thiết Kế 2D,3,"Thiết / Kế (Adobe Photoshop, Adobe Illustrator, Illustrator)",0.4864,jd_1328
jd_1329,Senior Devops Engineer,2,"Engineer / Developer (Python, Docker, Kubernetes)",0.4962,jd_1329
jd_1330,Nhân Viên Vận Hành Hệ Thống Bot Farming,5,"IT / Thuật (Hệ điều hành Windows, Phần mềm văn phòng, Mạng máy tính)",0.8054,jd_1330
jd_1331,Đảm bảo chất lượng,18,"Nhà / kinh (Jira, Figma, Confluence)",0.6792,jd_1331
jd_1332,Game Designer,13,"3D / Thiết (Photoshop, Unity, Maya)",0.7322,jd_1332
jd_1333,"Quản lý dự án - AI, Nghiên cứu & Nghiên cứu thị trường",16,"triển / kinh (Google Ads, B2B sales, Facebook Ads)",0.7784,jd_1333
jd_1334,Scrum Master,19,"Nhà / kinh (Quản lý dự án, Phân tích nghiệp vụ, Phân tích yêu cầu)",0.7256,jd_1334
jd_1335,Nhân Viên Thiết Kế,3,"Thiết / Kế (Adobe Photoshop, Adobe Illustrator, Illustrator)",0.3408,jd_1335
jd_1336,Kỹ Sư IT(Tiếng Trung),5,"IT / Thuật (Hệ điều hành Windows, Phần mềm văn phòng, Mạng máy tính)",0.5894,jd_1336
jd_1337,Nhà phân tích kinh doanh (Mạng xã hội/Miền thương mại điện tử),14,"tích / Phân (SQL, Excel, Python)",0.5433,jd_1337
jd_1338,Nhà phát triển FullStack (JavaScript),6,"Developer / Java (Java, MySQL, Oracle)",0.4326,jd_1338
jd_1339,Nhân Viên Mobile Fullstack Developer,6,"Developer / Java (Java, MySQL, Oracle)",0.4359,jd_1339
jd_1340,Thị trường toàn cầu - Kỹ sư kiểm tra tự động hóa,2,"Engineer / Developer (Python, Docker, Kubernetes)",0.572,jd_1340
jd_1341,Chuyên Viên Thiết Kế Đồ Họa,7,"Thiết / Kế (Quay dựng video, audio editing, voice acting)",0.5779,jd_1341
jd_1342,Chuyên Viên Kinh Doanh Phần Mềm Kiotviet,12,"Doanh / Kinh (Tin học văn phòng, Tin học văn phòng (Word, Excel, PowerPoint), Sử dụng CRM)",0.5493,jd_1342
jd_1343,Nhà phân tích kinh doanh,19,"Nhà / kinh (Quản lý dự án, Phân tích nghiệp vụ, Phân tích yêu cầu)",0.5346,jd_1343
jd_1344,Tester (Có Kinh Nghiệm Bank),10,"Tester / Manual (Kiểm thử phần mềm, SQL, Viết Testcase)",0.5042,jd_1344
jd_1345,Nhân Viên Thiết Kế Đồ Họa,9,"Thiết / Kế (Photoshop, Illustrator, Figma)",0.303,jd_1345
jd_1346,Lập Trình Viên Fullstack,6,"Developer / Java (Java, MySQL, Oracle)",0.5496,jd_1346
jd_1347,Nhân Viên Học Việc Kỹ Thuật Máy Tính,5,"IT / Thuật (Hệ điều hành Windows, Phần mềm văn phòng, Mạng máy tính)",0.7082,jd_1347
jd_1348,Quản lý sản phẩm Junior,16,"triển / kinh (Google Ads, B2B sales, Facebook Ads)",0.7496,jd_1348
jd_1349,Chuyên Viên IT & System Coordinator,5,"IT / Thuật (Hệ điều hành Windows, Phần mềm văn phòng, Mạng máy tính)",0.5399,jd_1349
jd_1350,Nhân Viên Thiết Kế,9,"Thiết / Kế (Photoshop, Illustrator, Figma)",0.4365,jd_1350
jd_1351,Nhân Viên Kết Nối Doanh Nghiệp,12,"Doanh / Kinh (Tin học văn phòng, Tin học văn phòng (Word, Excel, PowerPoint), Sử dụng CRM)",0.509,jd_1351
jd_1352,Nhân Viên Kết Nối Doanh Nghiệp,12,"Doanh / Kinh (Tin học văn phòng, Tin học văn phòng (Word, Excel, PowerPoint), Sử dụng CRM)",0.509,jd_1352
jd_1353,Thực Tập Sinh Thiết Kế,9,"Thiết / Kế (Photoshop, Illustrator, Figma)",0.4472,jd_1353
jd_1354,Phát triển kinh doanh,16,"triển / kinh (Google Ads, B2B sales, Facebook Ads)",0.6801,jd_1354
jd_1355,Nhân Viên Graphic Design,3,"Thiết / Kế (Adobe Photoshop, Adobe Illustrator, Illustrator)",0.3578,jd_1355
jd_1356,Thiết kế đồ họa,3,"Thiết / Kế (Adobe Photoshop, Adobe Illustrator, Illustrator)",0.3789,jd_1356
jd_1357,Nhân Viên Thiết Kế Đồ Họa,3,"Thiết / Kế (Adobe Photoshop, Adobe Illustrator, Illustrator)",0.2803,jd_1357
jd_1358,Thực Tập Sinh Kinh Doanh,4,"Kinh / Doanh (Kỹ năng giao tiếp, Kỹ năng đàm phán, Kỹ năng bán hàng)",0.9187,jd_1358
jd_1359,Nhà phát triển bản địa phản ứng cao cấp,15,"Developer / Tiếng (Java, Swift, Kotlin)",0.6072,jd_1359
jd_1360,Devops Engineer,2,"Engineer / Developer (Python, Docker, Kubernetes)",0.4793,jd_1360
jd_1361,Sales Intern (Thực Tập Kinh Doanh),12,"Doanh / Kinh (Tin học văn phòng, Tin học văn phòng (Word, Excel, PowerPoint), Sử dụng CRM)",0.6909,jd_1361
jd_1362,Nhà phát triển đầy đủ,8,"Developer / Nhà (CSS, HTML, JavaScript)",0.3806,jd_1362
jd_1363,Thiết Kế Đồ Họa,9,"Thiết / Kế (Photoshop, Illustrator, Figma)",0.4944,jd_1363
jd_1364,Chuyên Viên Giám Sát Và Vận Hành Mạng (Network),17,"Hệ / Engineer (Linux, Network, Storage)",0.5081,jd_1364
jd_1365,"Project Manager - Cổng Thanh Toán, Ví Điện Tử",19,"Nhà / kinh (Quản lý dự án, Phân tích nghiệp vụ, Phân tích yêu cầu)",0.608,jd_1365
jd_1366,Nhân Viên Thiết Kế - Graphic Desinger,9,"Thiết / Kế (Photoshop, Illustrator, Figma)",0.3914,jd_1366
jd_1367,Chủ sở hữu sản phẩm,19,"Nhà / kinh (Quản lý dự án, Phân tích nghiệp vụ, Phân tích yêu cầu)",0.6423,jd_1367
jd_1368,Phân tích dữ liệu lãnh đạo dự án,14,"tích / Phân (SQL, Excel, Python)",0.6193,jd_1368
jd_1369,Chuyên gia tư vấn của SAP SuccityFactors,18,"Nhà / kinh (Jira, Figma, Confluence)",0.6704,jd_1369
jd_1370,Nhân Viên Kinh Doanh/ Sale Phần Mềm,4,"Kinh / Doanh (Kỹ năng giao tiếp, Kỹ năng đàm phán, Kỹ năng bán hàng)",0.3872,jd_1370
jd_1371,Sales Development Rep | B2B - Phần Mềm,0,"Kinh / Doanh (Tiếng Anh cơ bản, Sử dụng Execl và word thành thạo, Proficient in English or Chinese, equivalent to 6.5 IELTS or HSK 5)",0.8419,jd_1371
jd_1372,Front End Flutter Developer,15,"Developer / Tiếng (Java, Swift, Kotlin)",0.6094,jd_1372
jd_1373,"DevOps Engineer - Vận Hành ERP Odoo, FastApi",2,"Engineer / Developer (Python, Docker, Kubernetes)",0.4462,jd_1373
jd_1374,"Nhà phát triển Java phụ trợ (Springboot, SQL, Eclipse RCP)",6,"Developer / Java (Java, MySQL, Oracle)",0.6549,jd_1374
jd_1375,Backend Developer (GOLANG),2,"Engineer / Developer (Python, Docker, Kubernetes)",0.4451,jd_1375
jd_1376,Nhân Viên Kinh Doanh,12,"Doanh / Kinh (Tin học văn phòng, Tin học văn phòng (Word, Excel, PowerPoint), Sử dụng CRM)",0.4877,jd_1376
jd_1377,"Nhà phát triển cuối cùng (Vuejs, JavaScript, HTML)",8,"Developer / Nhà (CSS, HTML, JavaScript)",0.445,jd_1377
jd_1378,Web Designer,9,"Thiết / Kế (Photoshop, Illustrator, Figma)",0.4573,jd_1378
jd_1379,.NET Developer,6,"Developer / Java (Java, MySQL, Oracle)",0.4462,jd_1379
jd_1380,"Nhà phát triển Stack Full (Java, Springboot, React/Vue)",6,"Developer / Java (Java, MySQL, Oracle)",0.5389,jd_1380
jd_1381,Graphic Designer Chuyên Mỹ Phẩm,9,"Thiết / Kế (Photoshop, Illustrator, Figma)",0.423,jd_1381
jd_1382,Nhà phát triển kết thúc trở lại,6,"Developer / Java (Java, MySQL, Oracle)",0.5682,jd_1382
jd_1383,Nó hỗ trợ khách hàng,5,"IT / Thuật (Hệ điều hành Windows, Phần mềm văn phòng, Mạng máy tính)",0.6856,jd_1383
jd_1384,Java Developer,6,"Developer / Java (Java, MySQL, Oracle)",0.5444,jd_1384
jd_1385,Nhà phát triển trò chơi Unity,13,"3D / Thiết (Photoshop, Unity, Maya)",0.7545,jd_1385
jd_1386,"Nhân Viên CSKH - Mảng Công Nghệ, IT Support",19,"Nhà / kinh (Quản lý dự án, Phân tích nghiệp vụ, Phân tích yêu cầu)",0.697,jd_1386
jd_1387,Hệ thống quản trị viên Junior/Middle,17,"Hệ / Engineer (Linux, Network, Storage)",0.5809,jd_1387
jd_1388,Nhà phát triển Frontend-Web (Angular/JavaScript),8,"Developer / Nhà (CSS, HTML, JavaScript)",0.4657,jd_1388
jd_1389,Người thử nghiệm Fresher (lên đến 14m),8,"Developer / Nhà (CSS, HTML, JavaScript)",0.6988,jd_1389
jd_1390,"Chuyên Viên Vận Hành, Khai Thác Ứng Dụng Hệ Thống CNTT/ Công Nghệ Thông Tin",0,"Kinh / Doanh (Tiếng Anh cơ bản, Sử dụng Execl và word thành thạo, Proficient in English or Chinese, equivalent to 6.5 IELTS or HSK 5)",0.7537,jd_1390
jd_1391,Thực Tập Sinh Js/Python/AI (Full Time),8,"Developer / Nhà (CSS, HTML, JavaScript)",0.4598,jd_1391
jd_1392,Nhà phân tích kinh doanh,19,"Nhà / kinh (Quản lý dự án, Phân tích nghiệp vụ, Phân tích yêu cầu)",0.6648,jd_1392
jd_1393,Chủ sở hữu sản phẩm,19,"Nhà / kinh (Quản lý dự án, Phân tích nghiệp vụ, Phân tích yêu cầu)",0.5455,jd_1393
jd_1394,C/C++ Developer,17,"Hệ / Engineer (Linux, Network, Storage)",0.6116,jd_1394
jd_1395,Nhân Viên Thiết Kế Hình Ảnh,9,"Thiết / Kế (Photoshop, Illustrator, Figma)",0.3843,jd_1395
jd_1396,Hỗ trợ khách hàng của đám mây - L1 bán thời gian/điều khiển từ xa,11,"IT / Quản (VMware, Triển khai và vận hành hệ thống VOIP (Asterisk, FreePbx, FreeSWITCH, Kamailio, OpenSIPS, 3CX), Giao thức SIP, RTP, WebRTC, STUN/TURN/ICE, NAT Traversal)",0.6286,jd_1396
jd_1397,Chuyên Viên Phát Triển Kinh Doanh,19,"Nhà / kinh (Quản lý dự án, Phân tích nghiệp vụ, Phân tích yêu cầu)",0.551,jd_1397
jd_1398,Nhân Viên Kinh Doanh Marketing,12,"Doanh / Kinh (Tin học văn phòng, Tin học văn phòng (Word, Excel, PowerPoint), Sử dụng CRM)",0.5722,jd_1398
jd_1399,Cán bộ quản lý dự án,19,"Nhà / kinh (Quản lý dự án, Phân tích nghiệp vụ, Phân tích yêu cầu)",0.5413,jd_1399
jd_1400,Nhân Viên Gán Nhãn Dữ Liệu,0,"Kinh / Doanh (Tiếng Anh cơ bản, Sử dụng Execl và word thành thạo, Proficient in English or Chinese, equivalent to 6.5 IELTS or HSK 5)",0.8809,jd_1400
jd_1401,Thiết kế đồ họa,9,"Thiết / Kế (Photoshop, Illustrator, Figma)",0.4003,jd_1401
jd_1402,Phần mềm quản lý dự án,19,"Nhà / kinh (Quản lý dự án, Phân tích nghiệp vụ, Phân tích yêu cầu)",0.5752,jd_1402
jd_1403,Nhà phát triển đầy đủ (Node.js/Next.j) Cấp giữa,6,"Developer / Java (Java, MySQL, Oracle)",0.4233,jd_1403
jd_1404,Lập Trình Viên Fullstack,8,"Developer / Nhà (CSS, HTML, JavaScript)",0.5897,jd_1404
jd_1405,Thực Tập Thiết Kế Đồ Họa 2D Mảng Print On Demand,7,"Thiết / Kế (Quay dựng video, audio editing, voice acting)",0.6974,jd_1405
jd_1406,Senior Devops Engineer,2,"Engineer / Developer (Python, Docker, Kubernetes)",0.4664,jd_1406
jd_1407,Nhân Viên Kinh Doanh,12,"Doanh / Kinh (Tin học văn phòng, Tin học văn phòng (Word, Excel, PowerPoint), Sử dụng CRM)",0.5652,jd_1407
jd_1408,Chuyên Viên Thiết Kế,18,"Nhà / kinh (Jira, Figma, Confluence)",0.6318,jd_1408
jd_1409,Nhân Viên Kinh Doanh Phần Mềm,19,"Nhà / kinh (Quản lý dự án, Phân tích nghiệp vụ, Phân tích yêu cầu)",0.5751,jd_1409
jd_1410,Thực Tập Sinh Kinh Doanh Dự Án,0,"Kinh / Doanh (Tiếng Anh cơ bản, Sử dụng Execl và word thành thạo, Proficient in English or Chinese, equivalent to 6.5 IELTS or HSK 5)",0.6266,jd_1410
jd_1411,Scrum Master,19,"Nhà / kinh (Quản lý dự án, Phân tích nghiệp vụ, Phân tích yêu cầu)",0.7472,jd_1411
jd_1412,Chuyên Viên Đào Tạo,4,"Kinh / Doanh (Kỹ năng giao tiếp, Kỹ năng đàm phán, Kỹ năng bán hàng)",0.5352,jd_1412
jd_1413,Nhà thiết kế đồ họa cao cấp,3,"Thiết / Kế (Adobe Photoshop, Adobe Illustrator, Illustrator)",0.5121,jd_1413
jd_1414,Senior Mobile Developer,19,"Nhà / kinh (Quản lý dự án, Phân tích nghiệp vụ, Phân tích yêu cầu)",0.6819,jd_1414
jd_1415,DevOps (Terraform/ Ansible) > 3YOE - Global Market,2,"Engineer / Developer (Python, Docker, Kubernetes)",0.4474,jd_1415
jd_1416,Thực Tập Sinh Tư Vấn Website,5,"IT / Thuật (Hệ điều hành Windows, Phần mềm văn phòng, Mạng máy tính)",0.8113,jd_1416
jd_1417,Senior/Middle Tester,10,"Tester / Manual (Kiểm thử phần mềm, SQL, Viết Testcase)",0.4919,jd_1417
jd_1418,Người kiểm tra tự động hóa (yêu cầu tiếng Anh),2,"Engineer / Developer (Python, Docker, Kubernetes)",0.549,jd_1418
jd_1419,Kỹ sư nhắc nhở thực tập (Nocode/Lowcode),8,"Developer / Nhà (CSS, HTML, JavaScript)",0.5609,jd_1419
jd_1420,Graphic Designer (Mảng Mỹ Phẩm),9,"Thiết / Kế (Photoshop, Illustrator, Figma)",0.5052,jd_1420
jd_1421,Nhà thiết kế đồ họa thời trang,3,"Thiết / Kế (Adobe Photoshop, Adobe Illustrator, Illustrator)",0.3697,jd_1421
jd_1422,Kế Hoạch Phân Tích Và Điều Hành (PMO),19,"Nhà / kinh (Quản lý dự án, Phân tích nghiệp vụ, Phân tích yêu cầu)",0.6413,jd_1422
jd_1423,Chuyên Viên Tư Vấn Phần Mềm,5,"IT / Thuật (Hệ điều hành Windows, Phần mềm văn phòng, Mạng máy tính)",0.5839,jd_1423
jd_1424,Nhân Viên Trực Vận Hành 24/7,17,"Hệ / Engineer (Linux, Network, Storage)",0.5029,jd_1424
jd_1425,Nhân Viên Thiết Kế Đồ Họa,13,"3D / Thiết (Photoshop, Unity, Maya)",0.5055,jd_1425
jd_1426,"Hoạt động nền tảng dữ liệu (CSDL, Oracle, Ngân hàng)",6,"Developer / Java (Java, MySQL, Oracle)",0.6045,jd_1426
jd_1427,"Lập Trình Viên Fullstack Upper-Junior (.NET, React/Vue)",2,"Engineer / Developer (Python, Docker, Kubernetes)",0.5424,jd_1427
jd_1428,REVIT MODERLER (Nhân Viên Revit Kiến Trúc) - Không Yêu Cầu Kinh Nghiệm (Lương UPTO 20 Triệu/ Tháng),19,"Nhà / kinh (Quản lý dự án, Phân tích nghiệp vụ, Phân tích yêu cầu)",0.9995,jd_1428
jd_1429,Nhà phân tích kinh doanh cao cấp,14,"tích / Phân (SQL, Excel, Python)",0.455,jd_1429
jd_1430,UI/UX Designer,9,"Thiết / Kế (Photoshop, Illustrator, Figma)",0.5775,jd_1430
jd_1431,AI Middle DevOps Engineer,2,"Engineer / Developer (Python, Docker, Kubernetes)",0.3964,jd_1431
jd_1432,Nhân Viên Thiết Kế (Senior),18,"Nhà / kinh (Jira, Figma, Confluence)",0.5661,jd_1432
jd_1433,Nhà phân tích kinh doanh,4,"Kinh / Doanh (Kỹ năng giao tiếp, Kỹ năng đàm phán, Kỹ năng bán hàng)",0.6696,jd_1433
jd_1434,Thiết Kế UX/UI,9,"Thiết / Kế (Photoshop, Illustrator, Figma)",0.5007,jd_1434
jd_1435,"Nhà phát triển Frontend (ReactJS, NextJS)",8,"Developer / Nhà (CSS, HTML, JavaScript)",0.4384,jd_1435
jd_1436,"Nhà phát triển Java (SQL, Spring, ReactJS)",6,"Developer / Java (Java, MySQL, Oracle)",0.3834,jd_1436
jd_1437,Kỹ Sư Triển Khai Bản Vẽ BIM (Kiến Trúc/ MEP/ HVAC),18,"Nhà / kinh (Jira, Figma, Confluence)",0.7971,jd_1437
jd_1438,Manual Tester,10,"Tester / Manual (Kiểm thử phần mềm, SQL, Viết Testcase)",0.568,jd_1438
jd_1439,Nhà phân tích kinh doanh,18,"Nhà / kinh (Jira, Figma, Confluence)",0.7338,jd_1439
jd_1440,Lập Trình Frontend,6,"Developer / Java (Java, MySQL, Oracle)",0.6067,jd_1440
jd_1441,Nhân Viên Sales Marketing/CSKH,0,"Kinh / Doanh (Tiếng Anh cơ bản, Sử dụng Execl và word thành thạo, Proficient in English or Chinese, equivalent to 6.5 IELTS or HSK 5)",0.6726,jd_1441
jd_1442,Nhân Viên Thiết Kế Đồ Họa,9,"Thiết / Kế (Photoshop, Illustrator, Figma)",0.303,jd_1442
jd_1443,Tester-Yêu Cầu Từ N3 Tiếng Nhật Trở Lên,10,"Tester / Manual (Kiểm thử phần mềm, SQL, Viết Testcase)",0.6579,jd_1443
jd_1444,Nhà thiết kế đồ họa (cấp trung),3,"Thiết / Kế (Adobe Photoshop, Adobe Illustrator, Illustrator)",0.3229,jd_1444
jd_1445,Thiết Kế 3D,13,"3D / Thiết (Photoshop, Unity, Maya)",0.5145,jd_1445
jd_1446,Nhân Viên Thiết Kế - Designer Thumbnail Youtube,9,"Thiết / Kế (Photoshop, Illustrator, Figma)",0.7382,jd_1446
jd_1447,An ninh đám mây cơ sở,17,"Hệ / Engineer (Linux, Network, Storage)",0.4756,jd_1447
jd_1448,Đảm bảo chất lượng quy trình (PQA),18,"Nhà / kinh (Jira, Figma, Confluence)",0.7388,jd_1448
jd_1449,Nhân Viên Thiết Kế Được Đào Tạo,13,"3D / Thiết (Photoshop, Unity, Maya)",0.5265,jd_1449
jd_1450,Thực Tập Sinh Marketing Mobile App,18,"Nhà / kinh (Jira, Figma, Confluence)",0.768,jd_1450
jd_1451,Chuyên Viên Phân Tích Dữ Liệu,14,"tích / Phân (SQL, Excel, Python)",0.7172,jd_1451
jd_1452,Đảm bảo chất lượng quy trình (PQA),18,"Nhà / kinh (Jira, Figma, Confluence)",0.7388,jd_1452
jd_1453,Nhà phân tích kinh doanh,12,"Doanh / Kinh (Tin học văn phòng, Tin học văn phòng (Word, Excel, PowerPoint), Sử dụng CRM)",0.7093,jd_1453
jd_1454,Nhân Viên Quản Trị Hệ Thống,11,"IT / Quản (VMware, Triển khai và vận hành hệ thống VOIP (Asterisk, FreePbx, FreeSWITCH, Kamailio, OpenSIPS, 3CX), Giao thức SIP, RTP, WebRTC, STUN/TURN/ICE, NAT Traversal)",0.8282,jd_1454
jd_1455,Chuyên Viên Thiết Kế Mảng Bất Động Sản Cao Cấp,9,"Thiết / Kế (Photoshop, Illustrator, Figma)",0.4673,jd_1455
jd_1456,Java Developer,8,"Developer / Nhà (CSS, HTML, JavaScript)",0.5677,jd_1456
jd_1457,Trưởng Phòng Công Nghệ,6,"Developer / Java (Java, MySQL, Oracle)",0.4604,jd_1457
jd_1458,Backend Developer,6,"Developer / Java (Java, MySQL, Oracle)",0.5777,jd_1458
jd_1459,Sales IT Tiếng Anh/Nhật,17,"Hệ / Engineer (Linux, Network, Storage)",0.7566,jd_1459
jd_1460,Nhân Viên Kỹ Thuật Triển Khai Dự Án Phần Cứng,17,"Hệ / Engineer (Linux, Network, Storage)",0.5236,jd_1460
jd_1461,Bán hàng B2B/ Quản lý tài khoản,4,"Kinh / Doanh (Kỹ năng giao tiếp, Kỹ năng đàm phán, Kỹ năng bán hàng)",0.7061,jd_1461
jd_1462,Người quản lý tài khoản/Bán hàng B2B (Business Business),16,"triển / kinh (Google Ads, B2B sales, Facebook Ads)",0.6227,jd_1462
jd_1463,Nhân Viên Designer Thiết Kế Ngành Mỹ Phẩm,3,"Thiết / Kế (Adobe Photoshop, Adobe Illustrator, Illustrator)",0.2872,jd_1463
jd_1464,Kỹ Sư Lập Trình Nhúng Vi Điều Khiển,19,"Nhà / kinh (Quản lý dự án, Phân tích nghiệp vụ, Phân tích yêu cầu)",0.637,jd_1464
jd_1465,Phần mềm fullstack tươi hơn,8,"Developer / Nhà (CSS, HTML, JavaScript)",0.3883,jd_1465
jd_1466,Nhân Viên Sales Web-Không Yêu Cầu Kinh Nghiệm,0,"Kinh / Doanh (Tiếng Anh cơ bản, Sử dụng Execl và word thành thạo, Proficient in English or Chinese, equivalent to 6.5 IELTS or HSK 5)",0.7391,jd_1466
jd_1467,Thực tập bảo mật đám mây,2,"Engineer / Developer (Python, Docker, Kubernetes)",0.6643,jd_1467
jd_1468,Nhân Viên Kinh Doanh Online,0,"Kinh / Doanh (Tiếng Anh cơ bản, Sử dụng Execl và word thành thạo, Proficient in English or Chinese, equivalent to 6.5 IELTS or HSK 5)",0.6431,jd_1468
jd_1469,Chuyên Viên Quản Trị Mạng Và Bảo Mật,17,"Hệ / Engineer (Linux, Network, Storage)",0.6382,jd_1469
jd_1470,Nhân Viên Lập Trình,8,"Developer / Nhà (CSS, HTML, JavaScript)",0.3917,jd_1470
jd_1471,Game Operator (Nhân Viên Vận Hành Game),19,"Nhà / kinh (Quản lý dự án, Phân tích nghiệp vụ, Phân tích yêu cầu)",0.7615,jd_1471
jd_1472,PHP Developer,8,"Developer / Nhà (CSS, HTML, JavaScript)",0.5023,jd_1472
jd_1473,Thực Tập Sinh Quản Trị Vận Hành Hệ Thống,19,"Nhà / kinh (Quản lý dự án, Phân tích nghiệp vụ, Phân tích yêu cầu)",0.8138,jd_1473
jd_1474,Game Designer (Junior),13,"3D / Thiết (Photoshop, Unity, Maya)",0.7658,jd_1474
jd_1475,Senior Java Developer,15,"Developer / Tiếng (Java, Swift, Kotlin)",0.8019,jd_1475
jd_1476,Cán Bộ Thiết Kế,9,"Thiết / Kế (Photoshop, Illustrator, Figma)",0.3649,jd_1476
jd_1477,Kỹ Sư BIM Chuyên Ngành Kiến Trúc,18,"Nhà / kinh (Jira, Figma, Confluence)",0.6394,jd_1477
jd_1478,Nhân Viên Kỹ Thuật,12,"Doanh / Kinh (Tin học văn phòng, Tin học văn phòng (Word, Excel, PowerPoint), Sử dụng CRM)",0.6555,jd_1478
jd_1479,Nhân Viên Kinh Doanh Công Nghệ Thông Tin,12,"Doanh / Kinh (Tin học văn phòng, Tin học văn phòng (Word, Excel, PowerPoint), Sử dụng CRM)",0.5312,jd_1479
jd_1480,Nhà phát triển ròng (giữa/cao cấp),6,"Developer / Java (Java, MySQL, Oracle)",0.5318,jd_1480
jd_1481,Chủ sở hữu sản phẩm Junior,16,"triển / kinh (Google Ads, B2B sales, Facebook Ads)",0.6845,jd_1481
jd_1482,Trợ lý dự án thực tập,12,"Doanh / Kinh (Tin học văn phòng, Tin học văn phòng (Word, Excel, PowerPoint), Sử dụng CRM)",0.7333,jd_1482
jd_1483,Nhân Viên Business Analyst,19,"Nhà / kinh (Quản lý dự án, Phân tích nghiệp vụ, Phân tích yêu cầu)",0.6355,jd_1483
jd_1484,Thực Tập Sinh,0,"Kinh / Doanh (Tiếng Anh cơ bản, Sử dụng Execl và word thành thạo, Proficient in English or Chinese, equivalent to 6.5 IELTS or HSK 5)",0.8837,jd_1484
jd_1485,Nhà phát triển IOS Junior,17,"Hệ / Engineer (Linux, Network, Storage)",0.5898,jd_1485
jd_1486,QC Engineer / Tester,2,"Engineer / Developer (Python, Docker, Kubernetes)",0.6094,jd_1486
jd_1487,Thực Tập Sinh Kinh Doanh Phần Mềm Website,12,"Doanh / Kinh (Tin học văn phòng, Tin học văn phòng (Word, Excel, PowerPoint), Sử dụng CRM)",0.7531,jd_1487
jd_1488,Kế Toán Trưởng,18,"Nhà / kinh (Jira, Figma, Confluence)",0.7223,jd_1488
jd_1489,Thiết kế đồ họa,3,"Thiết / Kế (Adobe Photoshop, Adobe Illustrator, Illustrator)",0.3856,jd_1489
jd_1490,Nhân Viên Phát Triển Game (Unity/Godot/Unreal),13,"3D / Thiết (Photoshop, Unity, Maya)",0.7321,jd_1490
jd_1491,Thiết Kế Đồ Họa - Designer,9,"Thiết / Kế (Photoshop, Illustrator, Figma)",0.4021,jd_1491
jd_1492,Solution Architect (Kỹ Sư Giải Pháp Ứng Dụng),17,"Hệ / Engineer (Linux, Network, Storage)",0.5959,jd_1492
jd_1493,Data Engineer,6,"Developer / Java (Java, MySQL, Oracle)",0.4712,jd_1493
jd_1494,Chủ sở hữu sản phẩm (xã hội),16,"triển / kinh (Google Ads, B2B sales, Facebook Ads)",0.6572,jd_1494
jd_1495,CNTT hỗ trợ HN - Bảo mật đám mây (Tiếng Anh Fluent - Nightshift cố định),11,"IT / Quản (VMware, Triển khai và vận hành hệ thống VOIP (Asterisk, FreePbx, FreeSWITCH, Kamailio, OpenSIPS, 3CX), Giao thức SIP, RTP, WebRTC, STUN/TURN/ICE, NAT Traversal)",0.646,jd_1495
jd_1496,Project Manager,15,"Developer / Tiếng (Java, Swift, Kotlin)",0.7758,jd_1496
jd_1497,Solution Architect (Kỹ Sư Giải Pháp Ứng Dụng),17,"Hệ / Engineer (Linux, Network, Storage)",0.5734,jd_1497
jd_1498,Data Engineer,6,"Developer / Java (Java, MySQL, Oracle)",0.406,jd_1498
jd_1499,Chủ sở hữu sản phẩm (xã hội),16,"triển / kinh (Google Ads, B2B sales, Facebook Ads)",0.6898,jd_1499
jd_1500,CNTT hỗ trợ HN - Bảo mật đám mây (Tiếng Anh Fluent - Nightshift cố định),11,"IT / Quản (VMware, Triển khai và vận hành hệ thống VOIP (Asterisk, FreePbx, FreeSWITCH, Kamailio, OpenSIPS, 3CX), Giao thức SIP, RTP, WebRTC, STUN/TURN/ICE, NAT Traversal)",0.6208,jd_1500
jd_1501,Cộng Tác Viên Kiểm Thử Chất Lượng,14,"tích / Phân (SQL, Excel, Python)",0.6117,jd_1501
jd_1502,Chuyên Viên Phân Tích Nghiệp Vụ,19,"Nhà / kinh (Quản lý dự án, Phân tích nghiệp vụ, Phân tích yêu cầu)",0.5597,jd_1502
jd_1503,Project Manager,19,"Nhà / kinh (Quản lý dự án, Phân tích nghiệp vụ, Phân tích yêu cầu)",0.6072,jd_1503
jd_1504,Thiết kế đồ họa,3,"Thiết / Kế (Adobe Photoshop, Adobe Illustrator, Illustrator)",0.4288,jd_1504
jd_1505,Kỹ Sư Manual Test - Nghiệp Vụ Ngân Hàng,10,"Tester / Manual (Kiểm thử phần mềm, SQL, Viết Testcase)",0.5606,jd_1505
jd_1506,Nhà phân tích kinh doanh,18,"Nhà / kinh (Jira, Figma, Confluence)",0.7346,jd_1506
jd_1507,Project Manager,18,"Nhà / kinh (Jira, Figma, Confluence)",0.6839,jd_1507
jd_1508,Nhân Viên Kinh Doanh Tư Vấn Phần Mềm (Sales B2B),12,"Doanh / Kinh (Tin học văn phòng, Tin học văn phòng (Word, Excel, PowerPoint), Sử dụng CRM)",0.6293,jd_1508
jd_1509,Chuyên Viên Triển Khai Dự Án - Công Nghệ Thông Tin,19,"Nhà / kinh (Quản lý dự án, Phân tích nghiệp vụ, Phân tích yêu cầu)",0.5342,jd_1509
jd_1510,"Chuyên Viên Hệ Thống Phần Mền, IT",19,"Nhà / kinh (Quản lý dự án, Phân tích nghiệp vụ, Phân tích yêu cầu)",0.624,jd_1510
jd_1511,Chuyên Viên IT (ITHelpdesk-IT Support),5,"IT / Thuật (Hệ điều hành Windows, Phần mềm văn phòng, Mạng máy tính)",0.5512,jd_1511
jd_1512,Web Developer (PHP),8,"Developer / Nhà (CSS, HTML, JavaScript)",0.3915,jd_1512
jd_1513,Trưởng Phòng Kinh Doanh,4,"Kinh / Doanh (Kỹ năng giao tiếp, Kỹ năng đàm phán, Kỹ năng bán hàng)",0.4984,jd_1513
jd_1514,Thực Tập Sinh AI,15,"Developer / Tiếng (Java, Swift, Kotlin)",0.6435,jd_1514
jd_1515,Manual (AI/Data),10,"Tester / Manual (Kiểm thử phần mềm, SQL, Viết Testcase)",0.5921,jd_1515
jd_1516,Data Engineer,2,"Engineer / Developer (Python, Docker, Kubernetes)",0.551,jd_1516
jd_1517,Thiết kế đồ họa,9,"Thiết / Kế (Photoshop, Illustrator, Figma)",0.3239,jd_1517
jd_1518,Game Designer (Intern),7,"Thiết / Kế (Quay dựng video, audio editing, voice acting)",0.6448,jd_1518
jd_1519,Nhà phát triển back-end (NodeJS),6,"Developer / Java (Java, MySQL, Oracle)",0.5257,jd_1519
jd_1520,Backend Developer,6,"Developer / Java (Java, MySQL, Oracle)",0.474,jd_1520
jd_1521,Quản lý dự án,19,"Nhà / kinh (Quản lý dự án, Phân tích nghiệp vụ, Phân tích yêu cầu)",0.6244,jd_1521
jd_1522,AI Engineer,2,"Engineer / Developer (Python, Docker, Kubernetes)",0.4758,jd_1522
jd_1523,Nhân Viên Data Scientits,2,"Engineer / Developer (Python, Docker, Kubernetes)",0.677,jd_1523
jd_1524,Flutter Developer,6,"Developer / Java (Java, MySQL, Oracle)",0.492,jd_1524
jd_1525,Fullstack Developer,6,"Developer / Java (Java, MySQL, Oracle)",0.4619,jd_1525
jd_1526,Java Developer,6,"Developer / Java (Java, MySQL, Oracle)",0.5214,jd_1526
jd_1527,Biên Tập Viên Nhập Liệu,15,"Developer / Tiếng (Java, Swift, Kotlin)",0.8161,jd_1527
jd_1528,Nhân Viên Tiếp Nhận & Điều Phối Máy Sửa Chữa,12,"Doanh / Kinh (Tin học văn phòng, Tin học văn phòng (Word, Excel, PowerPoint), Sử dụng CRM)",0.6585,jd_1528
jd_1529,Fresher It Hỗ trợ (Nhật Bản),18,"Nhà / kinh (Jira, Figma, Confluence)",0.79,jd_1529
jd_1530,Kiểm tra tự động hóa giữa (tiếng Anh),2,"Engineer / Developer (Python, Docker, Kubernetes)",0.5917,jd_1530
jd_1531,Hỗ trợ kỹ thuật tươi hơn (tiếng Nhật),0,"Kinh / Doanh (Tiếng Anh cơ bản, Sử dụng Execl và word thành thạo, Proficient in English or Chinese, equivalent to 6.5 IELTS or HSK 5)",0.9123,jd_1531
jd_1532,SAP Consultant,14,"tích / Phân (SQL, Excel, Python)",0.8313,jd_1532
jd_1533,Odoo Developer,2,"Engineer / Developer (Python, Docker, Kubernetes)",0.6629,jd_1533
jd_1534,Chuyên Viên Phân Tích Dữ Liệu,14,"tích / Phân (SQL, Excel, Python)",0.558,jd_1534
jd_1535,ReactJS Frontend Developer,8,"Developer / Nhà (CSS, HTML, JavaScript)",0.5225,jd_1535
jd_1536,Nhân Viên Bán Hàng,0,"Kinh / Doanh (Tiếng Anh cơ bản, Sử dụng Execl và word thành thạo, Proficient in English or Chinese, equivalent to 6.5 IELTS or HSK 5)",0.5972,jd_1536
jd_1537,Chuyên Viên Chuyển Đổi Số,0,"Kinh / Doanh (Tiếng Anh cơ bản, Sử dụng Execl và word thành thạo, Proficient in English or Chinese, equivalent to 6.5 IELTS or HSK 5)",0.8076,jd_1537
jd_1538,Sales Manager – B2B SaaS Product,12,"Doanh / Kinh (Tin học văn phòng, Tin học văn phòng (Word, Excel, PowerPoint), Sử dụng CRM)",0.8603,jd_1538
jd_1539,Nhân Viên CRM,0,"Kinh / Doanh (Tiếng Anh cơ bản, Sử dụng Execl và word thành thạo, Proficient in English or Chinese, equivalent to 6.5 IELTS or HSK 5)",0.819,jd_1539
jd_1540,Thực Tập Sinh AI,2,"Engineer / Developer (Python, Docker, Kubernetes)",0.7188,jd_1540
jd_1541,Chiến lược gia sáng tạo (Ứng dụng di động),19,"Nhà / kinh (Quản lý dự án, Phân tích nghiệp vụ, Phân tích yêu cầu)",0.6732,jd_1541
jd_1542,Kỹ sư AI (thông thạo tiếng Anh),6,"Developer / Java (Java, MySQL, Oracle)",0.5581,jd_1542
jd_1543,Thực Tập Sinh Kinh Doanh (Có Phụ Cấp),18,"Nhà / kinh (Jira, Figma, Confluence)",0.6299,jd_1543
jd_1544,Chuyên Viên Phân Tích Nghiệp Vụ,5,"IT / Thuật (Hệ điều hành Windows, Phần mềm văn phòng, Mạng máy tính)",0.5608,jd_1544
jd_1545,Game Designer Intern,7,"Thiết / Kế (Quay dựng video, audio editing, voice acting)",0.6976,jd_1545
jd_1546,Nhân Viên Chỉnh Sửa Hình Ảnh,9,"Thiết / Kế (Photoshop, Illustrator, Figma)",0.6482,jd_1546
jd_1547,Thực Tập Sinh,12,"Doanh / Kinh (Tin học văn phòng, Tin học văn phòng (Word, Excel, PowerPoint), Sử dụng CRM)",0.7466,jd_1547
jd_1548,Giám đốc điều hành tiếp thị,16,"triển / kinh (Google Ads, B2B sales, Facebook Ads)",0.5798,jd_1548
jd_1549,Thiết kế đồ họa,9,"Thiết / Kế (Photoshop, Illustrator, Figma)",0.3784,jd_1549
jd_1550,Kỹ sư hỗ trợ CNTT,17,"Hệ / Engineer (Linux, Network, Storage)",0.6095,jd_1550
jd_1551,Front-end Teamleader (Angular8+),8,"Developer / Nhà (CSS, HTML, JavaScript)",0.4822,jd_1551
jd_1552,DevOps Engineer,17,"Hệ / Engineer (Linux, Network, Storage)",0.5232,jd_1552
jd_1553,Nhân Viên Tư Vấn Trực Tiếp - Làm Việc Từ Xa,4,"Kinh / Doanh (Kỹ năng giao tiếp, Kỹ năng đàm phán, Kỹ năng bán hàng)",0.5027,jd_1553
jd_1554,Nó giám sát hoạt động và bộ điều khiển dịch vụ,11,"IT / Quản (VMware, Triển khai và vận hành hệ thống VOIP (Asterisk, FreePbx, FreeSWITCH, Kamailio, OpenSIPS, 3CX), Giao thức SIP, RTP, WebRTC, STUN/TURN/ICE, NAT Traversal)",0.5901,jd_1554
jd_1555,Phối hợp và quản trị hệ thống mạng,17,"Hệ / Engineer (Linux, Network, Storage)",0.4405,jd_1555
jd_1556,Nhân Viên Kinh Doanh Phần Mềm,5,"IT / Thuật (Hệ điều hành Windows, Phần mềm văn phòng, Mạng máy tính)",0.6417,jd_1556
jd_1557,Sales Manager,4,"Kinh / Doanh (Kỹ năng giao tiếp, Kỹ năng đàm phán, Kỹ năng bán hàng)",0.4847,jd_1557
jd_1558,Nhân Viên Kỹ Thuật Thiết Bị An Ninh,0,"Kinh / Doanh (Tiếng Anh cơ bản, Sử dụng Execl và word thành thạo, Proficient in English or Chinese, equivalent to 6.5 IELTS or HSK 5)",0.7867,jd_1558
jd_1559,System Engineer,11,"IT / Quản (VMware, Triển khai và vận hành hệ thống VOIP (Asterisk, FreePbx, FreeSWITCH, Kamailio, OpenSIPS, 3CX), Giao thức SIP, RTP, WebRTC, STUN/TURN/ICE, NAT Traversal)",0.5446,jd_1559
jd_1560,Nhân Viên Kinh Doanh Phần Mềm & Giải Pháp Iot,5,"IT / Thuật (Hệ điều hành Windows, Phần mềm văn phòng, Mạng máy tính)",0.6173,jd_1560
jd_1561,Quản Trị Hệ Thống (System Administrator L2),11,"IT / Quản (VMware, Triển khai và vận hành hệ thống VOIP (Asterisk, FreePbx, FreeSWITCH, Kamailio, OpenSIPS, 3CX), Giao thức SIP, RTP, WebRTC, STUN/TURN/ICE, NAT Traversal)",0.5883,jd_1561
jd_1562,Fullstack,8,"Developer / Nhà (CSS, HTML, JavaScript)",0.6362,jd_1562
jd_1563,Chuyên Gia Quản Trị Công Nghệ,19,"Nhà / kinh (Quản lý dự án, Phân tích nghiệp vụ, Phân tích yêu cầu)",0.5234,jd_1563
jd_1564,NHÂN VIÊN IT (Không Yêu Cầu Kinh Nghiệm),0,"Kinh / Doanh (Tiếng Anh cơ bản, Sử dụng Execl và word thành thạo, Proficient in English or Chinese, equivalent to 6.5 IELTS or HSK 5)",0.7901,jd_1564
jd_1565,Chuyên Viên Admin Quản Lý Dữ Liệu Master Data,14,"tích / Phân (SQL, Excel, Python)",0.7731,jd_1565
jd_1566,Quản lý sản phẩm,19,"Nhà / kinh (Quản lý dự án, Phân tích nghiệp vụ, Phân tích yêu cầu)",0.5503,jd_1566
jd_1567,Nhân Viên Vận Hành,0,"Kinh / Doanh (Tiếng Anh cơ bản, Sử dụng Execl và word thành thạo, Proficient in English or Chinese, equivalent to 6.5 IELTS or HSK 5)",0.6722,jd_1567
jd_1568,Chuyên Viên Vận Hành Website,18,"Nhà / kinh (Jira, Figma, Confluence)",0.617,jd_1568
jd_1569,Kỹ Sư Lập Trình Ứng Dụng Phần Cứng,15,"Developer / Tiếng (Java, Swift, Kotlin)",0.6541,jd_1569
jd_1570,Trợ Lý Dự Án,19,"Nhà / kinh (Quản lý dự án, Phân tích nghiệp vụ, Phân tích yêu cầu)",0.6467,jd_1570
jd_1571,IT Staff/ IT Helpdesk / IT Support,11,"IT / Quản (VMware, Triển khai và vận hành hệ thống VOIP (Asterisk, FreePbx, FreeSWITCH, Kamailio, OpenSIPS, 3CX), Giao thức SIP, RTP, WebRTC, STUN/TURN/ICE, NAT Traversal)",0.6323,jd_1571
jd_1572,Nhân Viên IT,17,"Hệ / Engineer (Linux, Network, Storage)",0.432,jd_1572
jd_1573,Quản Lý Dự Án Phần Mềm Trí Tuệ Nhân Tạo,19,"Nhà / kinh (Quản lý dự án, Phân tích nghiệp vụ, Phân tích yêu cầu)",0.5229,jd_1573
jd_1574,IT Kỹ Sư Hệ Thống,8,"Developer / Nhà (CSS, HTML, JavaScript)",0.3394,jd_1574
jd_1575,Chuyên Viên Hỗ Trợ Mạng (Network Monitor),11,"IT / Quản (VMware, Triển khai và vận hành hệ thống VOIP (Asterisk, FreePbx, FreeSWITCH, Kamailio, OpenSIPS, 3CX), Giao thức SIP, RTP, WebRTC, STUN/TURN/ICE, NAT Traversal)",0.6224,jd_1575
jd_1576,Nhân Viên Kinh Doanh B2B,0,"Kinh / Doanh (Tiếng Anh cơ bản, Sử dụng Execl và word thành thạo, Proficient in English or Chinese, equivalent to 6.5 IELTS or HSK 5)",0.691,jd_1576
jd_1577,2D Artist,13,"3D / Thiết (Photoshop, Unity, Maya)",0.6312,jd_1577
jd_1578,Nhân Viên Graphic Designer,7,"Thiết / Kế (Quay dựng video, audio editing, voice acting)",0.6178,jd_1578
jd_1579,Kỹ Sư Vận Hành (Devops Engineer),2,"Engineer / Developer (Python, Docker, Kubernetes)",0.4433,jd_1579
jd_1580,Nhân Viên IT Phần Cứng,5,"IT / Thuật (Hệ điều hành Windows, Phần mềm văn phòng, Mạng máy tính)",0.4888,jd_1580
jd_1581,Chuyên Viên IT,11,"IT / Quản (VMware, Triển khai và vận hành hệ thống VOIP (Asterisk, FreePbx, FreeSWITCH, Kamailio, OpenSIPS, 3CX), Giao thức SIP, RTP, WebRTC, STUN/TURN/ICE, NAT Traversal)",0.5142,jd_1581
jd_1582,Chuyên Viên IT Hệ Thống Kiêm Quản Trị Phần Mềm,17,"Hệ / Engineer (Linux, Network, Storage)",0.5161,jd_1582
jd_1583,LLMs And GenAI Agent Expert,2,"Engineer / Developer (Python, Docker, Kubernetes)",0.4652,jd_1583
jd_1584,Chuyên Gia Phân Tích Kinh Doanh,19,"Nhà / kinh (Quản lý dự án, Phân tích nghiệp vụ, Phân tích yêu cầu)",0.7313,jd_1584
jd_1585,Business Intelligence Expert,19,"Nhà / kinh (Quản lý dự án, Phân tích nghiệp vụ, Phân tích yêu cầu)",0.7229,jd_1585
jd_1586,.Net Developer,8,"Developer / Nhà (CSS, HTML, JavaScript)",0.483,jd_1586
jd_1587,Manual Test,10,"Tester / Manual (Kiểm thử phần mềm, SQL, Viết Testcase)",0.4226,jd_1587
jd_1588,AI ENGINEER - Kỹ Sư Phát Triển AI,2,"Engineer / Developer (Python, Docker, Kubernetes)",0.5536,jd_1588
jd_1589,Kỹ Sư Mạng,17,"Hệ / Engineer (Linux, Network, Storage)",0.4503,jd_1589
jd_1590,Mobile Developer - IOS Developer,15,"Developer / Tiếng (Java, Swift, Kotlin)",0.5965,jd_1590
jd_1591,Nhân Viên Xây Dựng Website (Wordpress-Elementor),8,"Developer / Nhà (CSS, HTML, JavaScript)",0.5444,jd_1591
jd_1592,Ứng dụng di động kiếm tiền ADS (Fresher),16,"triển / kinh (Google Ads, B2B sales, Facebook Ads)",0.8111,jd_1592
jd_1593,Chuyên Viên Thiết Kế 2D/Designer,9,"Thiết / Kế (Photoshop, Illustrator, Figma)",0.3363,jd_1593
jd_1594,Giám Đốc Công Nghệ,11,"IT / Quản (VMware, Triển khai và vận hành hệ thống VOIP (Asterisk, FreePbx, FreeSWITCH, Kamailio, OpenSIPS, 3CX), Giao thức SIP, RTP, WebRTC, STUN/TURN/ICE, NAT Traversal)",0.6628,jd_1594
jd_1595,Thực Tập Sinh Kinh Doanh,0,"Kinh / Doanh (Tiếng Anh cơ bản, Sử dụng Execl và word thành thạo, Proficient in English or Chinese, equivalent to 6.5 IELTS or HSK 5)",0.5597,jd_1595
jd_1596,Nhân Viên Thiết Kế Đồ Họa,9,"Thiết / Kế (Photoshop, Illustrator, Figma)",0.3263,jd_1596
jd_1597,Quản lý tài khoản/Phát triển kinh doanh/Bán hàng B2B,16,"triển / kinh (Google Ads, B2B sales, Facebook Ads)",0.8453,jd_1597
jd_1598,Thực Tập Sinh Thiết Kế,3,"Thiết / Kế (Adobe Photoshop, Adobe Illustrator, Illustrator)",0.3548,jd_1598
jd_1599,Thiết kế đồ họa (trò chơi),7,"Thiết / Kế (Quay dựng video, audio editing, voice acting)",0.6517,jd_1599
jd_1600,Giảng Viên An Ninh Mạng,5,"IT / Thuật (Hệ điều hành Windows, Phần mềm văn phòng, Mạng máy tính)",0.7579,jd_1600
jd_1601,Game Designer,7,"Thiết / Kế (Quay dựng video, audio editing, voice acting)",0.5979,jd_1601
jd_1602,Sales Manager – B2B SaaS Product,12,"Doanh / Kinh (Tin học văn phòng, Tin học văn phòng (Word, Excel, PowerPoint), Sử dụng CRM)",0.8603,jd_1602
jd_1603,Lập Trình Viên Full Stack (Web),8,"Developer / Nhà (CSS, HTML, JavaScript)",0.3762,jd_1603
jd_1604,Quản Trị Hệ Thống,5,"IT / Thuật (Hệ điều hành Windows, Phần mềm văn phòng, Mạng máy tính)",0.6455,jd_1604
jd_1605,Thực Tập Sinh Thiết Kế Đồ Hoạ,3,"Thiết / Kế (Adobe Photoshop, Adobe Illustrator, Illustrator)",0.3692,jd_1605
jd_1606,Thiết Kế Đồ Họa,9,"Thiết / Kế (Photoshop, Illustrator, Figma)",0.572,jd_1606
jd_1607,Project Manager,18,"Nhà / kinh (Jira, Figma, Confluence)",0.6849,jd_1607
jd_1608,Chủ sở hữu sản phẩm (ứng dụng di động),14,"tích / Phân (SQL, Excel, Python)",0.5479,jd_1608
jd_1609,Nhà phát triển .NET cao cấp,8,"Developer / Nhà (CSS, HTML, JavaScript)",0.356,jd_1609
jd_1610,Chủ sở hữu sản phẩm/Quản lý dự án,18,"Nhà / kinh (Jira, Figma, Confluence)",0.6797,jd_1610
jd_1611,Backend Developer,6,"Developer / Java (Java, MySQL, Oracle)",0.542,jd_1611
jd_1612,DevOps Engineer,2,"Engineer / Developer (Python, Docker, Kubernetes)",0.6298,jd_1612
jd_1613,Kỹ Sư Mạng,17,"Hệ / Engineer (Linux, Network, Storage)",0.4845,jd_1613
jd_1614,System Administrator,2,"Engineer / Developer (Python, Docker, Kubernetes)",0.5279,jd_1614
jd_1615,Trưởng Nhóm Business Analyst (BA),19,"Nhà / kinh (Quản lý dự án, Phân tích nghiệp vụ, Phân tích yêu cầu)",0.7507,jd_1615
jd_1616,Nhân Viên IT Phần Mềm,8,"Developer / Nhà (CSS, HTML, JavaScript)",0.5592,jd_1616
jd_1617,Chủ sở hữu sản phẩm liên kết (Fresher/ Junior),16,"triển / kinh (Google Ads, B2B sales, Facebook Ads)",0.6822,jd_1617
jd_1618,Thiết Kế Web - PHP (Wordpress),8,"Developer / Nhà (CSS, HTML, JavaScript)",0.5257,jd_1618
jd_1619,Giám đốc dự án,19,"Nhà / kinh (Quản lý dự án, Phân tích nghiệp vụ, Phân tích yêu cầu)",0.5583,jd_1619
jd_1620,Manual Tester,10,"Tester / Manual (Kiểm thử phần mềm, SQL, Viết Testcase)",0.4589,jd_1620
jd_1621,Nhân Viên Tư Vấn Triển Khai Phần Mềm,5,"IT / Thuật (Hệ điều hành Windows, Phần mềm văn phòng, Mạng máy tính)",0.5396,jd_1621
jd_1622,Nhà phát triển PHP cao cấp,8,"Developer / Nhà (CSS, HTML, JavaScript)",0.3976,jd_1622
jd_1623,Nhà phát triển FullStack (NodeJS/ReactJS),8,"Developer / Nhà (CSS, HTML, JavaScript)",0.3764,jd_1623
jd_1624,Chủ sở hữu sản phẩm (Junior/ Middle/ Senior),19,"Nhà / kinh (Quản lý dự án, Phân tích nghiệp vụ, Phân tích yêu cầu)",0.6202,jd_1624
jd_1625,Nhà thiết kế đồ họa cao cấp/ Lãnh đạo thiết kế đồ họa,7,"Thiết / Kế (Quay dựng video, audio editing, voice acting)",0.6017,jd_1625
jd_1626,Nhà phân tích kinh doanh sản phẩm,18,"Nhà / kinh (Jira, Figma, Confluence)",0.6731,jd_1626
jd_1627,Kỹ Sư Quản Trị Hệ Thống,17,"Hệ / Engineer (Linux, Network, Storage)",0.5135,jd_1627
jd_1628,Kỹ thuật dẫn đầu,2,"Engineer / Developer (Python, Docker, Kubernetes)",0.4508,jd_1628
jd_1629,Nhân Viên Thiết Kế Thumbnail,9,"Thiết / Kế (Photoshop, Illustrator, Figma)",0.6201,jd_1629
jd_1630,Nhân Viên Phân Tích Dữ Liệu,14,"tích / Phân (SQL, Excel, Python)",0.6232,jd_1630
jd_1631,Project Manager (PM),19,"Nhà / kinh (Quản lý dự án, Phân tích nghiệp vụ, Phân tích yêu cầu)",0.6591,jd_1631
jd_1632,Nhân Viên Kỹ Thuật Phần Mềm,5,"IT / Thuật (Hệ điều hành Windows, Phần mềm văn phòng, Mạng máy tính)",0.5403,jd_1632
jd_1633,Chủ sở hữu sản phẩm (sản phẩm SaaS),19,"Nhà / kinh (Quản lý dự án, Phân tích nghiệp vụ, Phân tích yêu cầu)",0.5846,jd_1633
jd_1634,Trưởng Phòng Sale Phần Mềm,4,"Kinh / Doanh (Kỹ năng giao tiếp, Kỹ năng đàm phán, Kỹ năng bán hàng)",0.46,jd_1634
jd_1635,Structure - BIM Modeler,18,"Nhà / kinh (Jira, Figma, Confluence)",0.7068,jd_1635
jd_1636,Nhân Viên Phần Mềm,12,"Doanh / Kinh (Tin học văn phòng, Tin học văn phòng (Word, Excel, PowerPoint), Sử dụng CRM)",0.8217,jd_1636
jd_1637,Chuyên gia phân tích/phân tích kinh doanh hệ thống - TA171,11,"IT / Quản (VMware, Triển khai và vận hành hệ thống VOIP (Asterisk, FreePbx, FreeSWITCH, Kamailio, OpenSIPS, 3CX), Giao thức SIP, RTP, WebRTC, STUN/TURN/ICE, NAT Traversal)",0.6346,jd_1637
jd_1638,Intern IT Engineer (Yêu Cầu Có Kinh Nghiệm Web Development) - Thử Việc 100% Lương,8,"Developer / Nhà (CSS, HTML, JavaScript)",0.6608,jd_1638
jd_1639,Nhà phát triển phía trước (Nền tảng mã thấp),8,"Developer / Nhà (CSS, HTML, JavaScript)",0.3981,jd_1639
jd_1640,"Nhân Viên IT Support/Helpdesk (SAP, Odoo, Aras)",17,"Hệ / Engineer (Linux, Network, Storage)",0.5164,jd_1640
jd_1641,Chuyên Viên Thiết Kế Đồ Họa,9,"Thiết / Kế (Photoshop, Illustrator, Figma)",0.3438,jd_1641
jd_1642,Kỹ Sư Hệ Thống,17,"Hệ / Engineer (Linux, Network, Storage)",0.5748,jd_1642
jd_1643,Middle Java Developer,6,"Developer / Java (Java, MySQL, Oracle)",0.4146,jd_1643
jd_1644,Chuyên Viên Chuyển Đổi Số,18,"Nhà / kinh (Jira, Figma, Confluence)",0.5178,jd_1644
jd_1645,Devops,2,"Engineer / Developer (Python, Docker, Kubernetes)",0.6505,jd_1645
jd_1646,Giám đốc bán hàng (nhóm sản phẩm),16,"triển / kinh (Google Ads, B2B sales, Facebook Ads)",0.6947,jd_1646
jd_1647,Phát triển kinh doanh tươi hơn,16,"triển / kinh (Google Ads, B2B sales, Facebook Ads)",0.7149,jd_1647
jd_1648,Linux System Engineer,17,"Hệ / Engineer (Linux, Network, Storage)",0.4504,jd_1648
jd_1649,Full - Nhà phát triển Java Stack,6,"Developer / Java (Java, MySQL, Oracle)",0.5232,jd_1649
jd_1650,Nhà thiết kế đồ họa (bán thời gian/toàn thời gian),3,"Thiết / Kế (Adobe Photoshop, Adobe Illustrator, Illustrator)",0.326,jd_1650
jd_1651,"Kỹ sư nhúng (Autosar, CAN Tools, BSW)",11,"IT / Quản (VMware, Triển khai và vận hành hệ thống VOIP (Asterisk, FreePbx, FreeSWITCH, Kamailio, OpenSIPS, 3CX), Giao thức SIP, RTP, WebRTC, STUN/TURN/ICE, NAT Traversal)",0.6774,jd_1651
jd_1652,Golang Backend,2,"Engineer / Developer (Python, Docker, Kubernetes)",0.6088,jd_1652
jd_1653,Quản Lý Dự Án Công Nghệ Thông Tin,19,"Nhà / kinh (Quản lý dự án, Phân tích nghiệp vụ, Phân tích yêu cầu)",0.4589,jd_1653
jd_1654,Kỹ Sư Cầu Nối/ Phiên Dịch IT – Remote Fulltime,19,"Nhà / kinh (Quản lý dự án, Phân tích nghiệp vụ, Phân tích yêu cầu)",0.6379,jd_1654
jd_1655,B2B Sales Executive,16,"triển / kinh (Google Ads, B2B sales, Facebook Ads)",0.7135,jd_1655
jd_1656,Nhân Viên Cross Sales,4,"Kinh / Doanh (Kỹ năng giao tiếp, Kỹ năng đàm phán, Kỹ năng bán hàng)",0.5316,jd_1656
jd_1657,Lập Trình Viên,18,"Nhà / kinh (Jira, Figma, Confluence)",0.6907,jd_1657
jd_1658,Nhân Viên Kinh Doanh - Telesale Phần Mềm,12,"Doanh / Kinh (Tin học văn phòng, Tin học văn phòng (Word, Excel, PowerPoint), Sử dụng CRM)",0.7657,jd_1658
jd_1659,Giám đốc tiếp thị (Ứng dụng di động),18,"Nhà / kinh (Jira, Figma, Confluence)",0.7265,jd_1659
jd_1660,Nhân Viên Kinh Doanh,12,"Doanh / Kinh (Tin học văn phòng, Tin học văn phòng (Word, Excel, PowerPoint), Sử dụng CRM)",0.4755,jd_1660
jd_1661,System Engineer (Data Center),17,"Hệ / Engineer (Linux, Network, Storage)",0.4364,jd_1661
jd_1662,Trò chơi 2D của Artist 2 (Từ Cấp cơ sở),3,"Thiết / Kế (Adobe Photoshop, Adobe Illustrator, Illustrator)",0.7984,jd_1662
jd_1663,Chuyên Viên E-Learning,19,"Nhà / kinh (Quản lý dự án, Phân tích nghiệp vụ, Phân tích yêu cầu)",0.7601,jd_1663
jd_1664,Tiếp thị mua lại người dùng (ứng dụng di động),16,"triển / kinh (Google Ads, B2B sales, Facebook Ads)",0.7361,jd_1664
jd_1665,Game Designer,13,"3D / Thiết (Photoshop, Unity, Maya)",0.7491,jd_1665
jd_1666,Tư vấn bán hàng (phần mềm),16,"triển / kinh (Google Ads, B2B sales, Facebook Ads)",0.6667,jd_1666
jd_1667,Tester Manual,10,"Tester / Manual (Kiểm thử phần mềm, SQL, Viết Testcase)",0.6389,jd_1667
jd_1668,Thiết kế đồ họa,3,"Thiết / Kế (Adobe Photoshop, Adobe Illustrator, Illustrator)",0.3856,jd_1668
jd_1669,Thực Tập Sinh Kinh Doanh B2B (Phần Mềm),7,"Thiết / Kế (Quay dựng video, audio editing, voice acting)",0.9047,jd_1669
jd_1670,Cộng tác viên sản phẩm (BA),19,"Nhà / kinh (Quản lý dự án, Phân tích nghiệp vụ, Phân tích yêu cầu)",0.6281,jd_1670
jd_1671,Nhân Viên Kinh Doanh B2B,0,"Kinh / Doanh (Tiếng Anh cơ bản, Sử dụng Execl và word thành thạo, Proficient in English or Chinese, equivalent to 6.5 IELTS or HSK 5)",0.691,jd_1671
jd_1672,Nhân Viên Kinh Doanh,0,"Kinh / Doanh (Tiếng Anh cơ bản, Sử dụng Execl và word thành thạo, Proficient in English or Chinese, equivalent to 6.5 IELTS or HSK 5)",0.4653,jd_1672
jd_1673,Quản lý dự án cao cấp,18,"Nhà / kinh (Jira, Figma, Confluence)",0.7366,jd_1673
jd_1674,Chuyên Viên Hạ Tầng Công Nghệ Thông Tin,11,"IT / Quản (VMware, Triển khai và vận hành hệ thống VOIP (Asterisk, FreePbx, FreeSWITCH, Kamailio, OpenSIPS, 3CX), Giao thức SIP, RTP, WebRTC, STUN/TURN/ICE, NAT Traversal)",0.5469,jd_1674
jd_1675,Chuyên Viên An Ninh Mạng,5,"IT / Thuật (Hệ điều hành Windows, Phần mềm văn phòng, Mạng máy tính)",0.7046,jd_1675
jd_1676,Bán hàng Đại diện B2B (Fresher - Junior),0,"Kinh / Doanh (Tiếng Anh cơ bản, Sử dụng Execl và word thành thạo, Proficient in English or Chinese, equivalent to 6.5 IELTS or HSK 5)",0.9462,jd_1676
jd_1677,Trưởng Nhóm Kinh Doanh B2B Phần Mềm AI Meta,0,"Kinh / Doanh (Tiếng Anh cơ bản, Sử dụng Execl và word thành thạo, Proficient in English or Chinese, equivalent to 6.5 IELTS or HSK 5)",0.8682,jd_1677
jd_1678,Nhân Viên Quản Trị Server,11,"IT / Quản (VMware, Triển khai và vận hành hệ thống VOIP (Asterisk, FreePbx, FreeSWITCH, Kamailio, OpenSIPS, 3CX), Giao thức SIP, RTP, WebRTC, STUN/TURN/ICE, NAT Traversal)",0.7122,jd_1678
jd_1679,"Thiết Kế Phần Mềm (Có Kinh Nghiệm C++, C#, Python)",6,"Developer / Java (Java, MySQL, Oracle)",0.7302,jd_1679
jd_1680,Nhân Viên Kinh Doanh Media,12,"Doanh / Kinh (Tin học văn phòng, Tin học văn phòng (Word, Excel, PowerPoint), Sử dụng CRM)",0.7045,jd_1680
jd_1681,Chuyên Viên Chuyển Đổi Số,18,"Nhà / kinh (Jira, Figma, Confluence)",0.5178,jd_1681
jd_1682,Nhà thiết kế đồ họa thực tập Thương mại điện tử,9,"Thiết / Kế (Photoshop, Illustrator, Figma)",0.4379,jd_1682
jd_1683,Game Designer,9,"Thiết / Kế (Photoshop, Illustrator, Figma)",0.4516,jd_1683
jd_1684,Chuyên Viên Phát Triển Sản Phẩm,18,"Nhà / kinh (Jira, Figma, Confluence)",0.5365,jd_1684
jd_1685,Nhà phát triển iOS cao cấp,15,"Developer / Tiếng (Java, Swift, Kotlin)",0.6437,jd_1685
jd_1686,Chuyên Viên Vận Hành Ứng Dụng,5,"IT / Thuật (Hệ điều hành Windows, Phần mềm văn phòng, Mạng máy tính)",0.6435,jd_1686
jd_1687,Nhà thiết kế đồ họa cao cấp,9,"Thiết / Kế (Photoshop, Illustrator, Figma)",0.3886,jd_1687
jd_1688,Phát triển kinh doanh thực tập,0,"Kinh / Doanh (Tiếng Anh cơ bản, Sử dụng Execl và word thành thạo, Proficient in English or Chinese, equivalent to 6.5 IELTS or HSK 5)",0.6253,jd_1688
jd_1689,Chuyên Viên Triển Khai & Vận Hành Phần Mềm Odoo,18,"Nhà / kinh (Jira, Figma, Confluence)",0.845,jd_1689
jd_1690,Nhân Viên Kinh Doanh,0,"Kinh / Doanh (Tiếng Anh cơ bản, Sử dụng Execl và word thành thạo, Proficient in English or Chinese, equivalent to 6.5 IELTS or HSK 5)",0.4653,jd_1690
jd_1691,Chuyên Viên Thiết Kế Graphic Designer,9,"Thiết / Kế (Photoshop, Illustrator, Figma)",0.3825,jd_1691
jd_1692,Nhà phân tích kinh doanh,2,"Engineer / Developer (Python, Docker, Kubernetes)",0.5667,jd_1692
jd_1693,Nhà phân tích kinh doanh SAP,19,"Nhà / kinh (Quản lý dự án, Phân tích nghiệp vụ, Phân tích yêu cầu)",0.607,jd_1693
jd_1694,Nhân Viên Kinh Doanh B2B,0,"Kinh / Doanh (Tiếng Anh cơ bản, Sử dụng Execl và word thành thạo, Proficient in English or Chinese, equivalent to 6.5 IELTS or HSK 5)",0.691,jd_1694
jd_1695,Nhân Viên Thiết Kế Đồ Họa,7,"Thiết / Kế (Quay dựng video, audio editing, voice acting)",0.5541,jd_1695
jd_1696,Cán bộ hệ thống thông tin,17,"Hệ / Engineer (Linux, Network, Storage)",0.5371,jd_1696
jd_1697,Kỹ thuật dữ liệu CDP,14,"tích / Phân (SQL, Excel, Python)",0.6231,jd_1697
jd_1698,Nhà phát triển thống nhất,18,"Nhà / kinh (Jira, Figma, Confluence)",0.663,jd_1698
jd_1699,Nhà phát triển trò chơi (Người tạo CoCOS),18,"Nhà / kinh (Jira, Figma, Confluence)",0.6529,jd_1699
jd_1700,Nhà phát triển cao cấp cao cấp,8,"Developer / Nhà (CSS, HTML, JavaScript)",0.4835,jd_1700
jd_1701,Nhà phát triển phụ trợ cao cấp,6,"Developer / Java (Java, MySQL, Oracle)",0.4156,jd_1701
jd_1702,PHP Developer,6,"Developer / Java (Java, MySQL, Oracle)",0.5423,jd_1702
jd_1703,Game Tester,10,"Tester / Manual (Kiểm thử phần mềm, SQL, Viết Testcase)",0.7134,jd_1703
jd_1704,Thực Tập Sinh Thiết Kế Đồ Họa,3,"Thiết / Kế (Adobe Photoshop, Adobe Illustrator, Illustrator)",0.2649,jd_1704
jd_1705,SAP Developer,8,"Developer / Nhà (CSS, HTML, JavaScript)",0.4942,jd_1705
jd_1706,Kiểm soát chất lượng,18,"Nhà / kinh (Jira, Figma, Confluence)",0.749,jd_1706
jd_1707,Chăm Sóc Khách Hàng,0,"Kinh / Doanh (Tiếng Anh cơ bản, Sử dụng Execl và word thành thạo, Proficient in English or Chinese, equivalent to 6.5 IELTS or HSK 5)",0.7975,jd_1707
jd_1708,Chuyên Viên Phân Tích Dữ Liệu,19,"Nhà / kinh (Quản lý dự án, Phân tích nghiệp vụ, Phân tích yêu cầu)",0.6562,jd_1708
jd_1709,React JS Developer (Tiếng Anh Fluency),8,"Developer / Nhà (CSS, HTML, JavaScript)",0.4567,jd_1709
jd_1710,Middle IT System (M365),11,"IT / Quản (VMware, Triển khai và vận hành hệ thống VOIP (Asterisk, FreePbx, FreeSWITCH, Kamailio, OpenSIPS, 3CX), Giao thức SIP, RTP, WebRTC, STUN/TURN/ICE, NAT Traversal)",0.6424,jd_1710
jd_1711,Tester Intern,10,"Tester / Manual (Kiểm thử phần mềm, SQL, Viết Testcase)",0.5026,jd_1711
jd_1712,Kỹ Sư An Ninh Mạng,6,"Developer / Java (Java, MySQL, Oracle)",0.5268,jd_1712
jd_1713,Chuyên Viên Thiết Kế Đồ Họa,3,"Thiết / Kế (Adobe Photoshop, Adobe Illustrator, Illustrator)",0.2268,jd_1713
jd_1714,Quản Trị Dự Án / Project Manager,19,"Nhà / kinh (Quản lý dự án, Phân tích nghiệp vụ, Phân tích yêu cầu)",0.5719,jd_1714
jd_1715,Fullstack Developer (Senior),8,"Developer / Nhà (CSS, HTML, JavaScript)",0.6448,jd_1715
jd_1716,Fresher AI (NLP),2,"Engineer / Developer (Python, Docker, Kubernetes)",0.6087,jd_1716
jd_1717,Technical Intern - Thực Tập Sinh Kỹ Thuật,5,"IT / Thuật (Hệ điều hành Windows, Phần mềm văn phòng, Mạng máy tính)",0.8656,jd_1717
jd_1718,Intern - Thực Tập Sinh Odoo,15,"Developer / Tiếng (Java, Swift, Kotlin)",0.8962,jd_1718
jd_1719,Người giám sát phân tích dữ liệu - định hướng kỹ thuật,14,"tích / Phân (SQL, Excel, Python)",0.4947,jd_1719
jd_1720,Nhân Viên Network Security,17,"Hệ / Engineer (Linux, Network, Storage)",0.5926,jd_1720
jd_1721,Backend Developer,2,"Engineer / Developer (Python, Docker, Kubernetes)",0.5238,jd_1721
jd_1722,Chuyên Viên Thiết Kế,3,"Thiết / Kế (Adobe Photoshop, Adobe Illustrator, Illustrator)",0.3149,jd_1722
jd_1723,Kiến trúc sư giải pháp - Microsoft Security,17,"Hệ / Engineer (Linux, Network, Storage)",0.7364,jd_1723
jd_1724,Java Fullstack Developer,15,"Developer / Tiếng (Java, Swift, Kotlin)",0.7053,jd_1724
jd_1725,Chuyên Viên Quản Lý Hiệu Suất & Quy Trình,19,"Nhà / kinh (Quản lý dự án, Phân tích nghiệp vụ, Phân tích yêu cầu)",0.6437,jd_1725
jd_1726,Nhân Viên Graphic Design,9,"Thiết / Kế (Photoshop, Illustrator, Figma)",0.3797,jd_1726
jd_1727,Kỹ Sư Quản Trị Hệ Thống (System),17,"Hệ / Engineer (Linux, Network, Storage)",0.4717,jd_1727
jd_1728,Nhà phát triển phụ trợ (Python/Django),2,"Engineer / Developer (Python, Docker, Kubernetes)",0.5669,jd_1728
jd_1729,Chuyên Viên Quản Lý Dự Án Công Nghệ Thông Tin,18,"Nhà / kinh (Jira, Figma, Confluence)",0.5537,jd_1729
jd_1730,"Nhà phân tích kinh doanh (LOS, Core)",19,"Nhà / kinh (Quản lý dự án, Phân tích nghiệp vụ, Phân tích yêu cầu)",0.592,jd_1730
jd_1731,Nhân Viên Nhập Liệu,5,"IT / Thuật (Hệ điều hành Windows, Phần mềm văn phòng, Mạng máy tính)",0.6993,jd_1731
jd_1732,Trưởng phòng kiểm tra,10,"Tester / Manual (Kiểm thử phần mềm, SQL, Viết Testcase)",0.4782,jd_1732
jd_1733,Nhà phát triển Web FullStack (Python/Reactjs),8,"Developer / Nhà (CSS, HTML, JavaScript)",0.4491,jd_1733
jd_1734,Nhân Viên Kinh Doanh ERP,4,"Kinh / Doanh (Kỹ năng giao tiếp, Kỹ năng đàm phán, Kỹ năng bán hàng)",0.5019,jd_1734
jd_1735,Nhà phát triển Frontend (ReactJS/NextJS),8,"Developer / Nhà (CSS, HTML, JavaScript)",0.378,jd_1735
jd_1736,Quản lý dự án (Dự án chăm sóc sức khỏe),18,"Nhà / kinh (Jira, Figma, Confluence)",0.5642,jd_1736
jd_1737,Lập Trình Viên Java/ Python,15,"Developer / Tiếng (Java, Swift, Kotlin)",0.7272,jd_1737
jd_1738,Marketing Designer,3,"Thiết / Kế (Adobe Photoshop, Adobe Illustrator, Illustrator)",0.5172,jd_1738
jd_1739,Quản lý dự án - Hệ thống ứng dụng (ERP/PLM),18,"Nhà / kinh (Jira, Figma, Confluence)",0.6195,jd_1739
jd_1740,Quản lý dự án - Cơ sở hạ tầng & hệ thống CNTT,5,"IT / Thuật (Hệ điều hành Windows, Phần mềm văn phòng, Mạng máy tính)",0.6119,jd_1740
jd_1741,Fresher Devops,2,"Engineer / Developer (Python, Docker, Kubernetes)",0.6599,jd_1741
jd_1742,System Engineer (VMware),17,"Hệ / Engineer (Linux, Network, Storage)",0.6077,jd_1742
jd_1743,Presales Tư Vấn Giải Pháp (VMware/Cloud),19,"Nhà / kinh (Quản lý dự án, Phân tích nghiệp vụ, Phân tích yêu cầu)",0.6222,jd_1743
jd_1744,Kỹ Sư Quản Trị Hệ Thống (Cloud Storage),2,"Engineer / Developer (Python, Docker, Kubernetes)",0.6757,jd_1744
jd_1745,Giám đốc bán hàng (Fluent English),16,"triển / kinh (Google Ads, B2B sales, Facebook Ads)",0.729,jd_1745
jd_1746,Chuyên Viên Chính Sách Sản Phẩm,12,"Doanh / Kinh (Tin học văn phòng, Tin học văn phòng (Word, Excel, PowerPoint), Sử dụng CRM)",0.7363,jd_1746
jd_1747,Chuyên Viên Lập Trình Fullstack (NodeJS),8,"Developer / Nhà (CSS, HTML, JavaScript)",0.4583,jd_1747
jd_1748,Nhân Viên Trợ Giảng,17,"Hệ / Engineer (Linux, Network, Storage)",0.5032,jd_1748
jd_1749,Game Designer,13,"3D / Thiết (Photoshop, Unity, Maya)",0.5456,jd_1749
jd_1750,Chuyên Viên IT Support,5,"IT / Thuật (Hệ điều hành Windows, Phần mềm văn phòng, Mạng máy tính)",0.5313,jd_1750
jd_1751,Trưởng Nhóm Scan Lưu Trữ Hồ Sơ Điện Tử,14,"tích / Phân (SQL, Excel, Python)",0.6981,jd_1751
jd_1752,Nhân Viên Kinh Doanh Mảng Công Nghệ B2B,0,"Kinh / Doanh (Tiếng Anh cơ bản, Sử dụng Execl và word thành thạo, Proficient in English or Chinese, equivalent to 6.5 IELTS or HSK 5)",0.6596,jd_1752
jd_1753,ERP Infrastructure Specialist,6,"Developer / Java (Java, MySQL, Oracle)",0.4797,jd_1753
jd_1754,"Kỹ sư hệ thống nhúng (MCU, RTOS, Linux OS)",17,"Hệ / Engineer (Linux, Network, Storage)",0.6476,jd_1754
jd_1755,Chuyên Viên Graphic Designer,9,"Thiết / Kế (Photoshop, Illustrator, Figma)",0.39,jd_1755
jd_1756,Nhân Viên Thiết Kế Đồ Hoạ,9,"Thiết / Kế (Photoshop, Illustrator, Figma)",0.5251,jd_1756
jd_1757,Thực tập bảo mật ứng dụng,17,"Hệ / Engineer (Linux, Network, Storage)",0.6166,jd_1757
jd_1758,Chuyên Viên IT Helpdesk (IT Support Phần Cứng),5,"IT / Thuật (Hệ điều hành Windows, Phần mềm văn phòng, Mạng máy tính)",0.5957,jd_1758
jd_1759,Nhân Viên Kỹ Thuật,5,"IT / Thuật (Hệ điều hành Windows, Phần mềm văn phòng, Mạng máy tính)",0.5334,jd_1759
jd_1760,Chuyên Viên Quản Trị Dữ Liệu CRM,14,"tích / Phân (SQL, Excel, Python)",0.7485,jd_1760
jd_1761,Sale Manager (BFSI),19,"Nhà / kinh (Quản lý dự án, Phân tích nghiệp vụ, Phân tích yêu cầu)",0.756,jd_1761
jd_1762,Thực tập phát triển kinh doanh,12,"Doanh / Kinh (Tin học văn phòng, Tin học văn phòng (Word, Excel, PowerPoint), Sử dụng CRM)",0.7209,jd_1762
jd_1763,Nhà phát triển Unreal Engine,13,"3D / Thiết (Photoshop, Unity, Maya)",0.7481,jd_1763
jd_1764,Thiết kế đồ họa & chuyển động,9,"Thiết / Kế (Photoshop, Illustrator, Figma)",0.4347,jd_1764
jd_1765,CTV Quản Lý Dự Án,19,"Nhà / kinh (Quản lý dự án, Phân tích nghiệp vụ, Phân tích yêu cầu)",0.7337,jd_1765
jd_1766,Nhân Viên Thiết Kế Đồ Họa,3,"Thiết / Kế (Adobe Photoshop, Adobe Illustrator, Illustrator)",0.3093,jd_1766
jd_1767,Flutter Developer,18,"Nhà / kinh (Jira, Figma, Confluence)",0.5576,jd_1767
jd_1768,Manual Tester,10,"Tester / Manual (Kiểm thử phần mềm, SQL, Viết Testcase)",0.4622,jd_1768
jd_1769,Nhà phân tích kinh doanh,6,"Developer / Java (Java, MySQL, Oracle)",0.5679,jd_1769
jd_1770,Android Developer,15,"Developer / Tiếng (Java, Swift, Kotlin)",0.6665,jd_1770
jd_1771,Nhà phát triển góc cạnh,18,"Nhà / kinh (Jira, Figma, Confluence)",0.7052,jd_1771
jd_1772,Chuyên Viên Tester Từ 2 Năm Kinh Nghiệm,10,"Tester / Manual (Kiểm thử phần mềm, SQL, Viết Testcase)",0.5618,jd_1772
jd_1773,Mobile Developer (Flutter),18,"Nhà / kinh (Jira, Figma, Confluence)",0.6104,jd_1773
jd_1774,Nhân Viên Kinh Doanh (Nữ/Đi Làm Ngay),0,"Kinh / Doanh (Tiếng Anh cơ bản, Sử dụng Execl và word thành thạo, Proficient in English or Chinese, equivalent to 6.5 IELTS or HSK 5)",0.4458,jd_1774
jd_1775,Nhân Viên Kỹ Thuật Viên,5,"IT / Thuật (Hệ điều hành Windows, Phần mềm văn phòng, Mạng máy tính)",0.7128,jd_1775
jd_1776,Nhân Viên Quản Trị Hệ Thống An Ninh Mạng (Nam),17,"Hệ / Engineer (Linux, Network, Storage)",0.4817,jd_1776
jd_1777,Chuyên Viên Kinh Doanh Khách Hàng Enterprise,4,"Kinh / Doanh (Kỹ năng giao tiếp, Kỹ năng đàm phán, Kỹ năng bán hàng)",0.456,jd_1777
jd_1778,Điều phối viên dự án,17,"Hệ / Engineer (Linux, Network, Storage)",0.5465,jd_1778
jd_1779,Chuyên Viên Phát Triển Phần Mềm & Giải Pháp Số,2,"Engineer / Developer (Python, Docker, Kubernetes)",0.6482,jd_1779
jd_1780,Embedded Linux Engineer - Kỹ Sư Lập Trình Nhúng,2,"Engineer / Developer (Python, Docker, Kubernetes)",0.5523,jd_1780
jd_1781,Nhân Viên Phát Triển Kinh Doanh,12,"Doanh / Kinh (Tin học văn phòng, Tin học văn phòng (Word, Excel, PowerPoint), Sử dụng CRM)",0.6297,jd_1781
jd_1782,Nhà phân tích kinh doanh dẫn đầu,14,"tích / Phân (SQL, Excel, Python)",0.5958,jd_1782
jd_1783,R&D Engineer,2,"Engineer / Developer (Python, Docker, Kubernetes)",0.724,jd_1783
jd_1784,Nhân Viên Artist Game,9,"Thiết / Kế (Photoshop, Illustrator, Figma)",0.4757,jd_1784
jd_1785,AI Engineer,2,"Engineer / Developer (Python, Docker, Kubernetes)",0.6538,jd_1785
jd_1786,Chuyên Viên IT Helpdesk,5,"IT / Thuật (Hệ điều hành Windows, Phần mềm văn phòng, Mạng máy tính)",0.738,jd_1786
jd_1787,Giảng Viên Cơ Hữu,11,"IT / Quản (VMware, Triển khai và vận hành hệ thống VOIP (Asterisk, FreePbx, FreeSWITCH, Kamailio, OpenSIPS, 3CX), Giao thức SIP, RTP, WebRTC, STUN/TURN/ICE, NAT Traversal)",0.6129,jd_1787
jd_1788,Nhà phát triển trò chơi Unity Junior,18,"Nhà / kinh (Jira, Figma, Confluence)",0.6344,jd_1788
jd_1789,Backend Developer,6,"Developer / Java (Java, MySQL, Oracle)",0.5638,jd_1789
jd_1790,Nhà phát triển FullStack (Python và ReactJS),2,"Engineer / Developer (Python, Docker, Kubernetes)",0.6478,jd_1790
jd_1791,Phát triển kinh doanh,0,"Kinh / Doanh (Tiếng Anh cơ bản, Sử dụng Execl và word thành thạo, Proficient in English or Chinese, equivalent to 6.5 IELTS or HSK 5)",0.6537,jd_1791
jd_1792,Java Developer,6,"Developer / Java (Java, MySQL, Oracle)",0.6794,jd_1792
jd_1793,Chủ sở hữu sản phẩm (Dự án AI),19,"Nhà / kinh (Quản lý dự án, Phân tích nghiệp vụ, Phân tích yêu cầu)",0.5922,jd_1793
jd_1794,Lập Trình Odoo (Python),8,"Developer / Nhà (CSS, HTML, JavaScript)",0.4791,jd_1794
jd_1795,Chuyên Viên Công Nghệ Thông Tin,5,"IT / Thuật (Hệ điều hành Windows, Phần mềm văn phòng, Mạng máy tính)",0.4726,jd_1795
jd_1796,Bàn dịch vụ CNTT,14,"tích / Phân (SQL, Excel, Python)",0.5168,jd_1796
jd_1797,Chuyên Viên Kỹ Thuật Quản Trị Hệ Thống,11,"IT / Quản (VMware, Triển khai và vận hành hệ thống VOIP (Asterisk, FreePbx, FreeSWITCH, Kamailio, OpenSIPS, 3CX), Giao thức SIP, RTP, WebRTC, STUN/TURN/ICE, NAT Traversal)",0.6943,jd_1797
jd_1798,Trưởng nhóm công nghệ,6,"Developer / Java (Java, MySQL, Oracle)",0.58,jd_1798
jd_1799,2D Game Artist,3,"Thiết / Kế (Adobe Photoshop, Adobe Illustrator, Illustrator)",0.5503,jd_1799
jd_1800,Nhân Viên Kinh Doanh Dự Án CNTT (B2B),4,"Kinh / Doanh (Kỹ năng giao tiếp, Kỹ năng đàm phán, Kỹ năng bán hàng)",0.5086,jd_1800
jd_1801,Nhân Viên IT,5,"IT / Thuật (Hệ điều hành Windows, Phần mềm văn phòng, Mạng máy tính)",0.5841,jd_1801
jd_1802,Backend Fresher,2,"Engineer / Developer (Python, Docker, Kubernetes)",0.5889,jd_1802
jd_1803,Nhân Viên Giám Sát Hệ Thống Công Nghệ Thông Tin,5,"IT / Thuật (Hệ điều hành Windows, Phần mềm văn phòng, Mạng máy tính)",0.4669,jd_1803
jd_1804,Nhân Viên Quản Lý Dự Án,18,"Nhà / kinh (Jira, Figma, Confluence)",0.5061,jd_1804
jd_1805,Fullstack Developer,6,"Developer / Java (Java, MySQL, Oracle)",0.4044,jd_1805
jd_1806,Nhà phân tích kinh doanh,18,"Nhà / kinh (Jira, Figma, Confluence)",0.5145,jd_1806
jd_1807,Kỹ Sư Lập Trình Nhúng - Robotics - Leaded,2,"Engineer / Developer (Python, Docker, Kubernetes)",0.6316,jd_1807
jd_1808,Data Engineer,2,"Engineer / Developer (Python, Docker, Kubernetes)",0.4635,jd_1808
jd_1809,Trưởng Nhóm Kinh Doanh,0,"Kinh / Doanh (Tiếng Anh cơ bản, Sử dụng Execl và word thành thạo, Proficient in English or Chinese, equivalent to 6.5 IELTS or HSK 5)",0.5415,jd_1809
jd_1810,Nhân Viên Kinh Doanh,16,"triển / kinh (Google Ads, B2B sales, Facebook Ads)",0.5833,jd_1810
jd_1811,"Fullstack Upper-Junior (.Net, React)",6,"Developer / Java (Java, MySQL, Oracle)",0.5332,jd_1811
jd_1812,Quản Lý Dự Án ( Tài Chính ),19,"Nhà / kinh (Quản lý dự án, Phân tích nghiệp vụ, Phân tích yêu cầu)",0.7131,jd_1812
jd_1813,Quản Lý Sản Phẩm,18,"Nhà / kinh (Jira, Figma, Confluence)",0.6442,jd_1813
jd_1814,Thực Tập Sinh Kinh Doanh B2B,12,"Doanh / Kinh (Tin học văn phòng, Tin học văn phòng (Word, Excel, PowerPoint), Sử dụng CRM)",0.8571,jd_1814
jd_1815,Nhân Viên Thiết Kế,9,"Thiết / Kế (Photoshop, Illustrator, Figma)",0.3563,jd_1815
jd_1816,Thiết kế đồ họa Fulltime/Intern,3,"Thiết / Kế (Adobe Photoshop, Adobe Illustrator, Illustrator)",0.4344,jd_1816
jd_1817,Chuyên gia giám sát hệ thống,5,"IT / Thuật (Hệ điều hành Windows, Phần mềm văn phòng, Mạng máy tính)",0.5656,jd_1817
jd_1818,Chuyên Viên Thiết Kế Web (Figma+PHP) - Đi Làm Ngay,8,"Developer / Nhà (CSS, HTML, JavaScript)",0.4034,jd_1818
jd_1819,Kỹ Thuật Viên IT,5,"IT / Thuật (Hệ điều hành Windows, Phần mềm văn phòng, Mạng máy tính)",0.4577,jd_1819
jd_1820,Chuyên Viên Kinh Doanh (B2G),5,"IT / Thuật (Hệ điều hành Windows, Phần mềm văn phòng, Mạng máy tính)",0.6393,jd_1820
jd_1821,Chuyên Viên Phân Tích Dữ Liệu,14,"tích / Phân (SQL, Excel, Python)",0.5389,jd_1821
jd_1822,Chuyên Viên Phát Triển Kinh Doanh Phần Mềm ERP,16,"triển / kinh (Google Ads, B2B sales, Facebook Ads)",0.7382,jd_1822
jd_1823,Nhân Viên Nhập Liệu,12,"Doanh / Kinh (Tin học văn phòng, Tin học văn phòng (Word, Excel, PowerPoint), Sử dụng CRM)",0.6348,jd_1823
jd_1824,Test Lead,18,"Nhà / kinh (Jira, Figma, Confluence)",0.8959,jd_1824
jd_1825,Thực Tập Sinh DEV,0,"Kinh / Doanh (Tiếng Anh cơ bản, Sử dụng Execl và word thành thạo, Proficient in English or Chinese, equivalent to 6.5 IELTS or HSK 5)",0.8685,jd_1825
jd_1826,Thực Tập Thiết Kế Đồ Hoạ,9,"Thiết / Kế (Photoshop, Illustrator, Figma)",0.5278,jd_1826
jd_1827,Quản Lý Kinh Doanh,0,"Kinh / Doanh (Tiếng Anh cơ bản, Sử dụng Execl và word thành thạo, Proficient in English or Chinese, equivalent to 6.5 IELTS or HSK 5)",0.5538,jd_1827
jd_1828,Nhà phân tích kinh doanh,19,"Nhà / kinh (Quản lý dự án, Phân tích nghiệp vụ, Phân tích yêu cầu)",0.5786,jd_1828
jd_1829,IT Tester,10,"Tester / Manual (Kiểm thử phần mềm, SQL, Viết Testcase)",0.501,jd_1829
jd_1830,Nhân Viên Thiết Kế Đồ Họa,9,"Thiết / Kế (Photoshop, Illustrator, Figma)",0.4399,jd_1830
jd_1831,Game Designer,7,"Thiết / Kế (Quay dựng video, audio editing, voice acting)",0.7028,jd_1831
jd_1832,Thực Tập Sinh Kinh Doanh,0,"Kinh / Doanh (Tiếng Anh cơ bản, Sử dụng Execl và word thành thạo, Proficient in English or Chinese, equivalent to 6.5 IELTS or HSK 5)",0.5597,jd_1832
jd_1833,Nhà phân tích kinh doanh ERP (Tư vấn chức năng),19,"Nhà / kinh (Quản lý dự án, Phân tích nghiệp vụ, Phân tích yêu cầu)",0.6345,jd_1833
jd_1834,Cloud System Engineer (Genesys),2,"Engineer / Developer (Python, Docker, Kubernetes)",0.6165,jd_1834
jd_1835,Kỹ sư hoạt động/ DevOps cao cấp,6,"Developer / Java (Java, MySQL, Oracle)",0.5465,jd_1835
jd_1836,QA Tester,10,"Tester / Manual (Kiểm thử phần mềm, SQL, Viết Testcase)",0.7375,jd_1836
jd_1837,Game Designer,13,"3D / Thiết (Photoshop, Unity, Maya)",0.6708,jd_1837
jd_1838,Trưởng Phòng Phần Mềm (Technical Manager),19,"Nhà / kinh (Quản lý dự án, Phân tích nghiệp vụ, Phân tích yêu cầu)",0.5281,jd_1838
jd_1839,Hỗ trợ CNTT - Quản trị viên Hệ thống,14,"tích / Phân (SQL, Excel, Python)",0.5409,jd_1839
jd_1840,Giám đốc PMO cao cấp,18,"Nhà / kinh (Jira, Figma, Confluence)",0.6212,jd_1840
jd_1841,Giám đốc điều hành phát triển kinh doanh (B2B) Có dữ liệu Hỗ Trợ,16,"triển / kinh (Google Ads, B2B sales, Facebook Ads)",0.6654,jd_1841
jd_1842,Thiết kế đồ họa thực tập,3,"Thiết / Kế (Adobe Photoshop, Adobe Illustrator, Illustrator)",0.3101,jd_1842
jd_1843,Nhân Viên Thiết Kế,9,"Thiết / Kế (Photoshop, Illustrator, Figma)",0.3308,jd_1843
jd_1844,Web Developer,6,"Developer / Java (Java, MySQL, Oracle)",0.5336,jd_1844
jd_1845,DevOps Engineer,2,"Engineer / Developer (Python, Docker, Kubernetes)",0.5041,jd_1845
jd_1846,Trợ Lý Thiết Kế Đồ Họa,7,"Thiết / Kế (Quay dựng video, audio editing, voice acting)",0.5104,jd_1846
jd_1847,Nhà phát triển FullStack (NodeJS/Python + Reactjs),6,"Developer / Java (Java, MySQL, Oracle)",0.5093,jd_1847
jd_1848,Điều hành sản phẩm thực tập,0,"Kinh / Doanh (Tiếng Anh cơ bản, Sử dụng Execl và word thành thạo, Proficient in English or Chinese, equivalent to 6.5 IELTS or HSK 5)",0.865,jd_1848
jd_1849,Nhân Viên Kinh Doanh Phần Mềm,12,"Doanh / Kinh (Tin học văn phòng, Tin học văn phòng (Word, Excel, PowerPoint), Sử dụng CRM)",0.4726,jd_1849
jd_1850,Chuyên Viên IT Helpdesk,5,"IT / Thuật (Hệ điều hành Windows, Phần mềm văn phòng, Mạng máy tính)",0.6764,jd_1850
jd_1851,CVCC Quản Trị Cơ Sở Dữ Liệu (DBA),14,"tích / Phân (SQL, Excel, Python)",0.6008,jd_1851
jd_1852,Nhà phân tích kinh doanh,12,"Doanh / Kinh (Tin học văn phòng, Tin học văn phòng (Word, Excel, PowerPoint), Sử dụng CRM)",0.6431,jd_1852
jd_1853,Phản ứng nhà phát triển bản địa,8,"Developer / Nhà (CSS, HTML, JavaScript)",0.4433,jd_1853
jd_1854,Trưởng nhóm công nghệ,6,"Developer / Java (Java, MySQL, Oracle)",0.5561,jd_1854
jd_1855,CNTT Business Development Intern,4,"Kinh / Doanh (Kỹ năng giao tiếp, Kỹ năng đàm phán, Kỹ năng bán hàng)",0.9448,jd_1855
jd_1856,Thực Tập Sinh Thiết Kế Đồ Họa,9,"Thiết / Kế (Photoshop, Illustrator, Figma)",0.3889,jd_1856
jd_1857,R&D AI Specialist,18,"Nhà / kinh (Jira, Figma, Confluence)",0.6092,jd_1857
jd_1858,Trợ Lý Số & AI Cho CEO,18,"Nhà / kinh (Jira, Figma, Confluence)",0.6097,jd_1858
jd_1859,Nhân Viên Tư Vấn - Không Yêu Cầu Kinh Nghiệm,0,"Kinh / Doanh (Tiếng Anh cơ bản, Sử dụng Execl và word thành thạo, Proficient in English or Chinese, equivalent to 6.5 IELTS or HSK 5)",0.7774,jd_1859
jd_1860,Nhân Viên Tư Vấn Marketing Web,0,"Kinh / Doanh (Tiếng Anh cơ bản, Sử dụng Execl và word thành thạo, Proficient in English or Chinese, equivalent to 6.5 IELTS or HSK 5)",0.7355,jd_1860
jd_1861,Nhân Viên Tester,10,"Tester / Manual (Kiểm thử phần mềm, SQL, Viết Testcase)",0.868,jd_1861
jd_1862,Phó Phòng Phần Mềm,6,"Developer / Java (Java, MySQL, Oracle)",0.5395,jd_1862
jd_1863,Nhà phát triển SQL (Oracle - Trung/cao cấp),14,"tích / Phân (SQL, Excel, Python)",0.561,jd_1863
jd_1864,Nhân Viên Triển Khai Phần Mềm,14,"tích / Phân (SQL, Excel, Python)",0.4692,jd_1864
jd_1865,Product Designer (UI/UX Designer - Dự Án Banking),9,"Thiết / Kế (Photoshop, Illustrator, Figma)",0.505,jd_1865
jd_1866,Phát triển kinh doanh AI,16,"triển / kinh (Google Ads, B2B sales, Facebook Ads)",0.8488,jd_1866
jd_1867,Lập Trình Viên Java (Nghiệp Vụ Banking),8,"Developer / Nhà (CSS, HTML, JavaScript)",0.4295,jd_1867
jd_1868,Người kiểm tra tự động hóa,18,"Nhà / kinh (Jira, Figma, Confluence)",0.6761,jd_1868
jd_1869,ERP Coordinator,19,"Nhà / kinh (Quản lý dự án, Phân tích nghiệp vụ, Phân tích yêu cầu)",0.6658,jd_1869
jd_1870,Chuyên gia phát triển kinh doanh cao cấp (Sức khỏe thông minh),4,"Kinh / Doanh (Kỹ năng giao tiếp, Kỹ năng đàm phán, Kỹ năng bán hàng)",0.6008,jd_1870
jd_1871,Business Data Analyst,14,"tích / Phân (SQL, Excel, Python)",0.555,jd_1871
jd_1872,Chuyên Viên Đảm Bảo Quy Trình (ISO 27001),5,"IT / Thuật (Hệ điều hành Windows, Phần mềm văn phòng, Mạng máy tính)",0.7842,jd_1872
jd_1873,Điều hành phát triển kinh doanh,16,"triển / kinh (Google Ads, B2B sales, Facebook Ads)",0.7041,jd_1873
jd_1874,Quản lý dự án/ SCRUM Master,19,"Nhà / kinh (Quản lý dự án, Phân tích nghiệp vụ, Phân tích yêu cầu)",0.5689,jd_1874
jd_1875,Dev Fullstack,6,"Developer / Java (Java, MySQL, Oracle)",0.4776,jd_1875
jd_1876,Fullstack Web Developer,2,"Engineer / Developer (Python, Docker, Kubernetes)",0.5494,jd_1876
jd_1877,Junior Dev,6,"Developer / Java (Java, MySQL, Oracle)",0.4513,jd_1877
jd_1878,Project Manager,19,"Nhà / kinh (Quản lý dự án, Phân tích nghiệp vụ, Phân tích yêu cầu)",0.5791,jd_1878
jd_1879,Đào tạo sản phẩm,12,"Doanh / Kinh (Tin học văn phòng, Tin học văn phòng (Word, Excel, PowerPoint), Sử dụng CRM)",0.7684,jd_1879
jd_1880,Chủ sở hữu sản phẩm (FinTech),19,"Nhà / kinh (Quản lý dự án, Phân tích nghiệp vụ, Phân tích yêu cầu)",0.5167,jd_1880
jd_1881,Manual Tester,10,"Tester / Manual (Kiểm thử phần mềm, SQL, Viết Testcase)",0.5146,jd_1881
jd_1882,Kỹ Sư Quản Lý Dự Án,5,"IT / Thuật (Hệ điều hành Windows, Phần mềm văn phòng, Mạng máy tính)",0.6521,jd_1882
jd_1883,"Backend (Python, NodeJS)",2,"Engineer / Developer (Python, Docker, Kubernetes)",0.6302,jd_1883
jd_1884,LLM Engineer,2,"Engineer / Developer (Python, Docker, Kubernetes)",0.6727,jd_1884
jd_1885,Trưởng nhóm công nghệ,6,"Developer / Java (Java, MySQL, Oracle)",0.4817,jd_1885
jd_1886,Kỹ Sư Giải Pháp Công Nghệ Thông Tin,17,"Hệ / Engineer (Linux, Network, Storage)",0.6941,jd_1886
jd_1887,Nhân Viên Phát Hành Chứng Từ,0,"Kinh / Doanh (Tiếng Anh cơ bản, Sử dụng Execl và word thành thạo, Proficient in English or Chinese, equivalent to 6.5 IELTS or HSK 5)",0.8048,jd_1887
jd_1888,Chuyên Viên Lập Trình Angular (Frontend Developer),8,"Developer / Nhà (CSS, HTML, JavaScript)",0.5519,jd_1888
jd_1889,Quản trị viên hệ thống (chuyên gia),2,"Engineer / Developer (Python, Docker, Kubernetes)",0.4436,jd_1889
jd_1890,Junior Product Owner (Chỉ Cần Có Kinh Nghiệm BA),14,"tích / Phân (SQL, Excel, Python)",0.6954,jd_1890
jd_1891,QA Intern,10,"Tester / Manual (Kiểm thử phần mềm, SQL, Viết Testcase)",0.6932,jd_1891
jd_1892,Nhân Viên Business Analyst (BA),18,"Nhà / kinh (Jira, Figma, Confluence)",0.6042,jd_1892
jd_1893,Trưởng nhóm Chiến lược Thương mại Kỹ thuật số,16,"triển / kinh (Google Ads, B2B sales, Facebook Ads)",0.5843,jd_1893
jd_1894,Kỹ Thuật Viên Máy Tính Máy In Camera,5,"IT / Thuật (Hệ điều hành Windows, Phần mềm văn phòng, Mạng máy tính)",0.6811,jd_1894
jd_1895,Nhân Viên Business Analyst (BA),18,"Nhà / kinh (Jira, Figma, Confluence)",0.6717,jd_1895
jd_1896,Data Engineer,2,"Engineer / Developer (Python, Docker, Kubernetes)",0.5707,jd_1896
jd_1897,Trưởng nhóm Chiến lược Thương mại Kỹ thuật số,16,"triển / kinh (Google Ads, B2B sales, Facebook Ads)",0.5843,jd_1897
jd_1898,Kỹ Sư An Toàn Thông Tin,19,"Nhà / kinh (Quản lý dự án, Phân tích nghiệp vụ, Phân tích yêu cầu)",0.7327,jd_1898
jd_1899,Nhân Viên Kinh Doanh Mảng Dropship,12,"Doanh / Kinh (Tin học văn phòng, Tin học văn phòng (Word, Excel, PowerPoint), Sử dụng CRM)",0.6353,jd_1899
jd_1900,Chuyên Viên Lập Trình Giao Diện (Front-End),8,"Developer / Nhà (CSS, HTML, JavaScript)",0.3532,jd_1900
jd_1901,2D Background Artist,13,"3D / Thiết (Photoshop, Unity, Maya)",0.6256,jd_1901
jd_1902,Delivery Manager (PM Kiêm Presale),19,"Nhà / kinh (Quản lý dự án, Phân tích nghiệp vụ, Phân tích yêu cầu)",0.6593,jd_1902
jd_1903,R&D AI Analyst – Ứng Dụng AI,19,"Nhà / kinh (Quản lý dự án, Phân tích nghiệp vụ, Phân tích yêu cầu)",0.6858,jd_1903
jd_1904,Trưởng nhóm (.NET),8,"Developer / Nhà (CSS, HTML, JavaScript)",0.4223,jd_1904
jd_1905,Nhân Viên Kinh Doanh Phần Mềm,12,"Doanh / Kinh (Tin học văn phòng, Tin học văn phòng (Word, Excel, PowerPoint), Sử dụng CRM)",0.5888,jd_1905
jd_1906,Nhân Viên Kinh Doanh - Lĩnh Vực Phần Mềm,12,"Doanh / Kinh (Tin học văn phòng, Tin học văn phòng (Word, Excel, PowerPoint), Sử dụng CRM)",0.5115,jd_1906
